1|-10.0|45.0
2|-9.9|45.0
3|-9.8|45.0
4|-9.7|45.0
5|-9.6|45.0
6|-9.5|45.0
7|-9.4|45.0
8|-9.3|45.0
9|-9.2|45.0
10|-9.1|45.0
11|-9.0|45.0
12|-8.9|45.0
13|-8.8|45.0
14|-8.7|45.0
15|-8.6|45.0
16|-8.5|45.0
17|-8.4|45.0
18|-8.3|45.0
19|-8.2|45.0
20|-8.1|45.0
21|-8.0|45.0
22|-7.9|45.0
23|-7.8|45.0
24|-7.7|45.0
25|-7.6|45.0
26|-7.5|45.0
27|-7.4|45.0
28|-7.3|45.0
29|-7.2|45.0
30|-7.1|45.0
31|-7.0|45.0
32|-6.9|45.0
33|-6.8|45.0
34|-6.7|45.0
35|-6.6|45.0
36|-6.5|45.0
37|-6.4|45.0
38|-6.3|45.0
39|-6.2|45.0
40|-6.1|45.0
41|-6.0|45.0
42|-5.9|45.0
43|-5.8|45.0
44|-5.7|45.0
45|-5.6|45.0
46|-5.5|45.0
47|-5.4|45.0
48|-5.3|45.0
49|-5.2|45.0
50|-5.1|45.0
51|-5.0|45.0
52|-4.9|45.0
53|-4.8|45.0
54|-4.7|45.0
55|-4.6|45.0
56|-4.5|45.0
57|-4.4|45.0
58|-4.3|45.0
59|-4.2|45.0
60|-4.1|45.0
61|-4.0|45.0
62|-3.9|45.0
63|-3.8|45.0
64|-3.7|45.0
65|-3.6|45.0
66|-3.5|45.0
67|-3.4|45.0
68|-3.3|45.0
69|-3.2|45.0
70|-3.1|45.0
71|-3.0|45.0
72|-2.9|45.0
73|-2.8|45.0
74|-2.7|45.0
75|-2.6|45.0
76|-2.5|45.0
77|-2.4|45.0
78|-2.3|45.0
79|-2.2|45.0
80|-2.1|45.0
81|-2.0|45.0
82|-1.9|45.0
83|-1.8|45.0
84|-1.7|45.0
85|-1.6|45.0
86|-1.5|45.0
87|-1.4|45.0
88|-1.3|45.0
89|-1.2|45.0
90|-1.1|45.0
91|-1.0|45.0
92|-0.9|45.0
93|-0.8|45.0
94|-0.7|45.0
95|-0.6|45.0
96|-0.5|45.0
97|-0.4|45.0
98|-0.3|45.0
99|-0.2|45.0
100|-0.1|45.0
101|-10.0|45.1
102|-9.9|45.1
103|-9.8|45.1
104|-9.7|45.1
105|-9.6|45.1
106|-9.5|45.1
107|-9.4|45.1
108|-9.3|45.1
109|-9.2|45.1
110|-9.1|45.1
111|-9.0|45.1
112|-8.9|45.1
113|-8.8|45.1
114|-8.7|45.1
115|-8.6|45.1
116|-8.5|45.1
117|-8.4|45.1
118|-8.3|45.1
119|-8.2|45.1
120|-8.1|45.1
121|-8.0|45.1
122|-7.9|45.1
123|-7.8|45.1
124|-7.7|45.1
125|-7.6|45.1
126|-7.5|45.1
127|-7.4|45.1
128|-7.3|45.1
129|-7.2|45.1
130|-7.1|45.1
131|-7.0|45.1
132|-6.9|45.1
133|-6.8|45.1
134|-6.7|45.1
135|-6.6|45.1
136|-6.5|45.1
137|-6.4|45.1
138|-6.3|45.1
139|-6.2|45.1
140|-6.1|45.1
141|-6.0|45.1
142|-5.9|45.1
143|-5.8|45.1
144|-5.7|45.1
145|-5.6|45.1
146|-5.5|45.1
147|-5.4|45.1
148|-5.3|45.1
149|-5.2|45.1
150|-5.1|45.1
151|-5.0|45.1
152|-4.9|45.1
153|-4.8|45.1
154|-4.7|45.1
155|-4.6|45.1
156|-4.5|45.1
157|-4.4|45.1
158|-4.3|45.1
159|-4.2|45.1
160|-4.1|45.1
161|-4.0|45.1
162|-3.9|45.1
163|-3.8|45.1
164|-3.7|45.1
165|-3.6|45.1
166|-3.5|45.1
167|-3.4|45.1
168|-3.3|45.1
169|-3.2|45.1
170|-3.1|45.1
171|-3.0|45.1
172|-2.9|45.1
173|-2.8|45.1
174|-2.7|45.1
175|-2.6|45.1
176|-2.5|45.1
177|-2.4|45.1
178|-2.3|45.1
179|-2.2|45.1
180|-2.1|45.1
181|-2.0|45.1
182|-1.9|45.1
183|-1.8|45.1
184|-1.7|45.1
185|-1.6|45.1
186|-1.5|45.1
187|-1.4|45.1
188|-1.3|45.1
189|-1.2|45.1
190|-1.1|45.1
191|-1.0|45.1
192|-0.9|45.1
193|-0.8|45.1
194|-0.7|45.1
195|-0.6|45.1
196|-0.5|45.1
197|-0.4|45.1
198|-0.3|45.1
199|-0.2|45.1
200|-0.1|45.1
201|-10.0|45.2
202|-9.9|45.2
203|-9.8|45.2
204|-9.7|45.2
205|-9.6|45.2
206|-9.5|45.2
207|-9.4|45.2
208|-9.3|45.2
209|-9.2|45.2
210|-9.1|45.2
211|-9.0|45.2
212|-8.9|45.2
213|-8.8|45.2
214|-8.7|45.2
215|-8.6|45.2
216|-8.5|45.2
217|-8.4|45.2
218|-8.3|45.2
219|-8.2|45.2
220|-8.1|45.2
221|-8.0|45.2
222|-7.9|45.2
223|-7.8|45.2
224|-7.7|45.2
225|-7.6|45.2
226|-7.5|45.2
227|-7.4|45.2
228|-7.3|45.2
229|-7.2|45.2
230|-7.1|45.2
231|-7.0|45.2
232|-6.9|45.2
233|-6.8|45.2
234|-6.7|45.2
235|-6.6|45.2
236|-6.5|45.2
237|-6.4|45.2
238|-6.3|45.2
239|-6.2|45.2
240|-6.1|45.2
241|-6.0|45.2
242|-5.9|45.2
243|-5.8|45.2
244|-5.7|45.2
245|-5.6|45.2
246|-5.5|45.2
247|-5.4|45.2
248|-5.3|45.2
249|-5.2|45.2
250|-5.1|45.2
251|-5.0|45.2
252|-4.9|45.2
253|-4.8|45.2
254|-4.7|45.2
255|-4.6|45.2
256|-4.5|45.2
257|-4.4|45.2
258|-4.3|45.2
259|-4.2|45.2
260|-4.1|45.2
261|-4.0|45.2
262|-3.9|45.2
263|-3.8|45.2
264|-3.7|45.2
265|-3.6|45.2
266|-3.5|45.2
267|-3.4|45.2
268|-3.3|45.2
269|-3.2|45.2
270|-3.1|45.2
271|-3.0|45.2
272|-2.9|45.2
273|-2.8|45.2
274|-2.7|45.2
275|-2.6|45.2
276|-2.5|45.2
277|-2.4|45.2
278|-2.3|45.2
279|-2.2|45.2
280|-2.1|45.2
281|-2.0|45.2
282|-1.9|45.2
283|-1.8|45.2
284|-1.7|45.2
285|-1.6|45.2
286|-1.5|45.2
287|-1.4|45.2
288|-1.3|45.2
289|-1.2|45.2
290|-1.1|45.2
291|-1.0|45.2
292|-0.9|45.2
293|-0.8|45.2
294|-0.7|45.2
295|-0.6|45.2
296|-0.5|45.2
297|-0.4|45.2
298|-0.3|45.2
299|-0.2|45.2
300|-0.1|45.2
301|-10.0|45.3
302|-9.9|45.3
303|-9.8|45.3
304|-9.7|45.3
305|-9.6|45.3
306|-9.5|45.3
307|-9.4|45.3
308|-9.3|45.3
309|-9.2|45.3
310|-9.1|45.3
311|-9.0|45.3
312|-8.9|45.3
313|-8.8|45.3
314|-8.7|45.3
315|-8.6|45.3
316|-8.5|45.3
317|-8.4|45.3
318|-8.3|45.3
319|-8.2|45.3
320|-8.1|45.3
321|-8.0|45.3
322|-7.9|45.3
323|-7.8|45.3
324|-7.7|45.3
325|-7.6|45.3
326|-7.5|45.3
327|-7.4|45.3
328|-7.3|45.3
329|-7.2|45.3
330|-7.1|45.3
331|-7.0|45.3
332|-6.9|45.3
333|-6.8|45.3
334|-6.7|45.3
335|-6.6|45.3
336|-6.5|45.3
337|-6.4|45.3
338|-6.3|45.3
339|-6.2|45.3
340|-6.1|45.3
341|-6.0|45.3
342|-5.9|45.3
343|-5.8|45.3
344|-5.7|45.3
345|-5.6|45.3
346|-5.5|45.3
347|-5.4|45.3
348|-5.3|45.3
349|-5.2|45.3
350|-5.1|45.3
351|-5.0|45.3
352|-4.9|45.3
353|-4.8|45.3
354|-4.7|45.3
355|-4.6|45.3
356|-4.5|45.3
357|-4.4|45.3
358|-4.3|45.3
359|-4.2|45.3
360|-4.1|45.3
361|-4.0|45.3
362|-3.9|45.3
363|-3.8|45.3
364|-3.7|45.3
365|-3.6|45.3
366|-3.5|45.3
367|-3.4|45.3
368|-3.3|45.3
369|-3.2|45.3
370|-3.1|45.3
371|-3.0|45.3
372|-2.9|45.3
373|-2.8|45.3
374|-2.7|45.3
375|-2.6|45.3
376|-2.5|45.3
377|-2.4|45.3
378|-2.3|45.3
379|-2.2|45.3
380|-2.1|45.3
381|-2.0|45.3
382|-1.9|45.3
383|-1.8|45.3
384|-1.7|45.3
385|-1.6|45.3
386|-1.5|45.3
387|-1.4|45.3
388|-1.3|45.3
389|-1.2|45.3
390|-1.1|45.3
391|-1.0|45.3
392|-0.9|45.3
393|-0.8|45.3
394|-0.7|45.3
395|-0.6|45.3
396|-0.5|45.3
397|-0.4|45.3
398|-0.3|45.3
399|-0.2|45.3
400|-0.1|45.3
401|-10.0|45.4
402|-9.9|45.4
403|-9.8|45.4
404|-9.7|45.4
405|-9.6|45.4
406|-9.5|45.4
407|-9.4|45.4
408|-9.3|45.4
409|-9.2|45.4
410|-9.1|45.4
411|-9.0|45.4
412|-8.9|45.4
413|-8.8|45.4
414|-8.7|45.4
415|-8.6|45.4
416|-8.5|45.4
417|-8.4|45.4
418|-8.3|45.4
419|-8.2|45.4
420|-8.1|45.4
421|-8.0|45.4
422|-7.9|45.4
423|-7.8|45.4
424|-7.7|45.4
425|-7.6|45.4
426|-7.5|45.4
427|-7.4|45.4
428|-7.3|45.4
429|-7.2|45.4
430|-7.1|45.4
431|-7.0|45.4
432|-6.9|45.4
433|-6.8|45.4
434|-6.7|45.4
435|-6.6|45.4
436|-6.5|45.4
437|-6.4|45.4
438|-6.3|45.4
439|-6.2|45.4
440|-6.1|45.4
441|-6.0|45.4
442|-5.9|45.4
443|-5.8|45.4
444|-5.7|45.4
445|-5.6|45.4
446|-5.5|45.4
447|-5.4|45.4
448|-5.3|45.4
449|-5.2|45.4
450|-5.1|45.4
451|-5.0|45.4
452|-4.9|45.4
453|-4.8|45.4
454|-4.7|45.4
455|-4.6|45.4
456|-4.5|45.4
457|-4.4|45.4
458|-4.3|45.4
459|-4.2|45.4
460|-4.1|45.4
461|-4.0|45.4
462|-3.9|45.4
463|-3.8|45.4
464|-3.7|45.4
465|-3.6|45.4
466|-3.5|45.4
467|-3.4|45.4
468|-3.3|45.4
469|-3.2|45.4
470|-3.1|45.4
471|-3.0|45.4
472|-2.9|45.4
473|-2.8|45.4
474|-2.7|45.4
475|-2.6|45.4
476|-2.5|45.4
477|-2.4|45.4
478|-2.3|45.4
479|-2.2|45.4
480|-2.1|45.4
481|-2.0|45.4
482|-1.9|45.4
483|-1.8|45.4
484|-1.7|45.4
485|-1.6|45.4
486|-1.5|45.4
487|-1.4|45.4
488|-1.3|45.4
489|-1.2|45.4
490|-1.1|45.4
491|-1.0|45.4
492|-0.9|45.4
493|-0.8|45.4
494|-0.7|45.4
495|-0.6|45.4
496|-0.5|45.4
497|-0.4|45.4
498|-0.3|45.4
499|-0.2|45.4
500|-0.1|45.4
501|-10.0|45.5
502|-9.9|45.5
503|-9.8|45.5
504|-9.7|45.5
505|-9.6|45.5
506|-9.5|45.5
507|-9.4|45.5
508|-9.3|45.5
509|-9.2|45.5
510|-9.1|45.5
511|-9.0|45.5
512|-8.9|45.5
513|-8.8|45.5
514|-8.7|45.5
515|-8.6|45.5
516|-8.5|45.5
517|-8.4|45.5
518|-8.3|45.5
519|-8.2|45.5
520|-8.1|45.5
521|-8.0|45.5
522|-7.9|45.5
523|-7.8|45.5
524|-7.7|45.5
525|-7.6|45.5
526|-7.5|45.5
527|-7.4|45.5
528|-7.3|45.5
529|-7.2|45.5
530|-7.1|45.5
531|-7.0|45.5
532|-6.9|45.5
533|-6.8|45.5
534|-6.7|45.5
535|-6.6|45.5
536|-6.5|45.5
537|-6.4|45.5
538|-6.3|45.5
539|-6.2|45.5
540|-6.1|45.5
541|-6.0|45.5
542|-5.9|45.5
543|-5.8|45.5
544|-5.7|45.5
545|-5.6|45.5
546|-5.5|45.5
547|-5.4|45.5
548|-5.3|45.5
549|-5.2|45.5
550|-5.1|45.5
551|-5.0|45.5
552|-4.9|45.5
553|-4.8|45.5
554|-4.7|45.5
555|-4.6|45.5
556|-4.5|45.5
557|-4.4|45.5
558|-4.3|45.5
559|-4.2|45.5
560|-4.1|45.5
561|-4.0|45.5
562|-3.9|45.5
563|-3.8|45.5
564|-3.7|45.5
565|-3.6|45.5
566|-3.5|45.5
567|-3.4|45.5
568|-3.3|45.5
569|-3.2|45.5
570|-3.1|45.5
571|-3.0|45.5
572|-2.9|45.5
573|-2.8|45.5
574|-2.7|45.5
575|-2.6|45.5
576|-2.5|45.5
577|-2.4|45.5
578|-2.3|45.5
579|-2.2|45.5
580|-2.1|45.5
581|-2.0|45.5
582|-1.9|45.5
583|-1.8|45.5
584|-1.7|45.5
585|-1.6|45.5
586|-1.5|45.5
587|-1.4|45.5
588|-1.3|45.5
589|-1.2|45.5
590|-1.1|45.5
591|-1.0|45.5
592|-0.9|45.5
593|-0.8|45.5
594|-0.7|45.5
595|-0.6|45.5
596|-0.5|45.5
597|-0.4|45.5
598|-0.3|45.5
599|-0.2|45.5
600|-0.1|45.5
601|-10.0|45.6
602|-9.9|45.6
603|-9.8|45.6
604|-9.7|45.6
605|-9.6|45.6
606|-9.5|45.6
607|-9.4|45.6
608|-9.3|45.6
609|-9.2|45.6
610|-9.1|45.6
611|-9.0|45.6
612|-8.9|45.6
613|-8.8|45.6
614|-8.7|45.6
615|-8.6|45.6
616|-8.5|45.6
617|-8.4|45.6
618|-8.3|45.6
619|-8.2|45.6
620|-8.1|45.6
621|-8.0|45.6
622|-7.9|45.6
623|-7.8|45.6
624|-7.7|45.6
625|-7.6|45.6
626|-7.5|45.6
627|-7.4|45.6
628|-7.3|45.6
629|-7.2|45.6
630|-7.1|45.6
631|-7.0|45.6
632|-6.9|45.6
633|-6.8|45.6
634|-6.7|45.6
635|-6.6|45.6
636|-6.5|45.6
637|-6.4|45.6
638|-6.3|45.6
639|-6.2|45.6
640|-6.1|45.6
641|-6.0|45.6
642|-5.9|45.6
643|-5.8|45.6
644|-5.7|45.6
645|-5.6|45.6
646|-5.5|45.6
647|-5.4|45.6
648|-5.3|45.6
649|-5.2|45.6
650|-5.1|45.6
651|-5.0|45.6
652|-4.9|45.6
653|-4.8|45.6
654|-4.7|45.6
655|-4.6|45.6
656|-4.5|45.6
657|-4.4|45.6
658|-4.3|45.6
659|-4.2|45.6
660|-4.1|45.6
661|-4.0|45.6
662|-3.9|45.6
663|-3.8|45.6
664|-3.7|45.6
665|-3.6|45.6
666|-3.5|45.6
667|-3.4|45.6
668|-3.3|45.6
669|-3.2|45.6
670|-3.1|45.6
671|-3.0|45.6
672|-2.9|45.6
673|-2.8|45.6
674|-2.7|45.6
675|-2.6|45.6
676|-2.5|45.6
677|-2.4|45.6
678|-2.3|45.6
679|-2.2|45.6
680|-2.1|45.6
681|-2.0|45.6
682|-1.9|45.6
683|-1.8|45.6
684|-1.7|45.6
685|-1.6|45.6
686|-1.5|45.6
687|-1.4|45.6
688|-1.3|45.6
689|-1.2|45.6
690|-1.1|45.6
691|-1.0|45.6
692|-0.9|45.6
693|-0.8|45.6
694|-0.7|45.6
695|-0.6|45.6
696|-0.5|45.6
697|-0.4|45.6
698|-0.3|45.6
699|-0.2|45.6
700|-0.1|45.6
701|-10.0|45.7
702|-9.9|45.7
703|-9.8|45.7
704|-9.7|45.7
705|-9.6|45.7
706|-9.5|45.7
707|-9.4|45.7
708|-9.3|45.7
709|-9.2|45.7
710|-9.1|45.7
711|-9.0|45.7
712|-8.9|45.7
713|-8.8|45.7
714|-8.7|45.7
715|-8.6|45.7
716|-8.5|45.7
717|-8.4|45.7
718|-8.3|45.7
719|-8.2|45.7
720|-8.1|45.7
721|-8.0|45.7
722|-7.9|45.7
723|-7.8|45.7
724|-7.7|45.7
725|-7.6|45.7
726|-7.5|45.7
727|-7.4|45.7
728|-7.3|45.7
729|-7.2|45.7
730|-7.1|45.7
731|-7.0|45.7
732|-6.9|45.7
733|-6.8|45.7
734|-6.7|45.7
735|-6.6|45.7
736|-6.5|45.7
737|-6.4|45.7
738|-6.3|45.7
739|-6.2|45.7
740|-6.1|45.7
741|-6.0|45.7
742|-5.9|45.7
743|-5.8|45.7
744|-5.7|45.7
745|-5.6|45.7
746|-5.5|45.7
747|-5.4|45.7
748|-5.3|45.7
749|-5.2|45.7
750|-5.1|45.7
751|-5.0|45.7
752|-4.9|45.7
753|-4.8|45.7
754|-4.7|45.7
755|-4.6|45.7
756|-4.5|45.7
757|-4.4|45.7
758|-4.3|45.7
759|-4.2|45.7
760|-4.1|45.7
761|-4.0|45.7
762|-3.9|45.7
763|-3.8|45.7
764|-3.7|45.7
765|-3.6|45.7
766|-3.5|45.7
767|-3.4|45.7
768|-3.3|45.7
769|-3.2|45.7
770|-3.1|45.7
771|-3.0|45.7
772|-2.9|45.7
773|-2.8|45.7
774|-2.7|45.7
775|-2.6|45.7
776|-2.5|45.7
777|-2.4|45.7
778|-2.3|45.7
779|-2.2|45.7
780|-2.1|45.7
781|-2.0|45.7
782|-1.9|45.7
783|-1.8|45.7
784|-1.7|45.7
785|-1.6|45.7
786|-1.5|45.7
787|-1.4|45.7
788|-1.3|45.7
789|-1.2|45.7
790|-1.1|45.7
791|-1.0|45.7
792|-0.9|45.7
793|-0.8|45.7
794|-0.7|45.7
795|-0.6|45.7
796|-0.5|45.7
797|-0.4|45.7
798|-0.3|45.7
799|-0.2|45.7
800|-0.1|45.7
801|-10.0|45.8
802|-9.9|45.8
803|-9.8|45.8
804|-9.7|45.8
805|-9.6|45.8
806|-9.5|45.8
807|-9.4|45.8
808|-9.3|45.8
809|-9.2|45.8
810|-9.1|45.8
811|-9.0|45.8
812|-8.9|45.8
813|-8.8|45.8
814|-8.7|45.8
815|-8.6|45.8
816|-8.5|45.8
817|-8.4|45.8
818|-8.3|45.8
819|-8.2|45.8
820|-8.1|45.8
821|-8.0|45.8
822|-7.9|45.8
823|-7.8|45.8
824|-7.7|45.8
825|-7.6|45.8
826|-7.5|45.8
827|-7.4|45.8
828|-7.3|45.8
829|-7.2|45.8
830|-7.1|45.8
831|-7.0|45.8
832|-6.9|45.8
833|-6.8|45.8
834|-6.7|45.8
835|-6.6|45.8
836|-6.5|45.8
837|-6.4|45.8
838|-6.3|45.8
839|-6.2|45.8
840|-6.1|45.8
841|-6.0|45.8
842|-5.9|45.8
843|-5.8|45.8
844|-5.7|45.8
845|-5.6|45.8
846|-5.5|45.8
847|-5.4|45.8
848|-5.3|45.8
849|-5.2|45.8
850|-5.1|45.8
851|-5.0|45.8
852|-4.9|45.8
853|-4.8|45.8
854|-4.7|45.8
855|-4.6|45.8
856|-4.5|45.8
857|-4.4|45.8
858|-4.3|45.8
859|-4.2|45.8
860|-4.1|45.8
861|-4.0|45.8
862|-3.9|45.8
863|-3.8|45.8
864|-3.7|45.8
865|-3.6|45.8
866|-3.5|45.8
867|-3.4|45.8
868|-3.3|45.8
869|-3.2|45.8
870|-3.1|45.8
871|-3.0|45.8
872|-2.9|45.8
873|-2.8|45.8
874|-2.7|45.8
875|-2.6|45.8
876|-2.5|45.8
877|-2.4|45.8
878|-2.3|45.8
879|-2.2|45.8
880|-2.1|45.8
881|-2.0|45.8
882|-1.9|45.8
883|-1.8|45.8
884|-1.7|45.8
885|-1.6|45.8
886|-1.5|45.8
887|-1.4|45.8
888|-1.3|45.8
889|-1.2|45.8
890|-1.1|45.8
891|-1.0|45.8
892|-0.9|45.8
893|-0.8|45.8
894|-0.7|45.8
895|-0.6|45.8
896|-0.5|45.8
897|-0.4|45.8
898|-0.3|45.8
899|-0.2|45.8
900|-0.1|45.8
901|-10.0|45.9
902|-9.9|45.9
903|-9.8|45.9
904|-9.7|45.9
905|-9.6|45.9
906|-9.5|45.9
907|-9.4|45.9
908|-9.3|45.9
909|-9.2|45.9
910|-9.1|45.9
911|-9.0|45.9
912|-8.9|45.9
913|-8.8|45.9
914|-8.7|45.9
915|-8.6|45.9
916|-8.5|45.9
917|-8.4|45.9
918|-8.3|45.9
919|-8.2|45.9
920|-8.1|45.9
921|-8.0|45.9
922|-7.9|45.9
923|-7.8|45.9
924|-7.7|45.9
925|-7.6|45.9
926|-7.5|45.9
927|-7.4|45.9
928|-7.3|45.9
929|-7.2|45.9
930|-7.1|45.9
931|-7.0|45.9
932|-6.9|45.9
933|-6.8|45.9
934|-6.7|45.9
935|-6.6|45.9
936|-6.5|45.9
937|-6.4|45.9
938|-6.3|45.9
939|-6.2|45.9
940|-6.1|45.9
941|-6.0|45.9
942|-5.9|45.9
943|-5.8|45.9
944|-5.7|45.9
945|-5.6|45.9
946|-5.5|45.9
947|-5.4|45.9
948|-5.3|45.9
949|-5.2|45.9
950|-5.1|45.9
951|-5.0|45.9
952|-4.9|45.9
953|-4.8|45.9
954|-4.7|45.9
955|-4.6|45.9
956|-4.5|45.9
957|-4.4|45.9
958|-4.3|45.9
959|-4.2|45.9
960|-4.1|45.9
961|-4.0|45.9
962|-3.9|45.9
963|-3.8|45.9
964|-3.7|45.9
965|-3.6|45.9
966|-3.5|45.9
967|-3.4|45.9
968|-3.3|45.9
969|-3.2|45.9
970|-3.1|45.9
971|-3.0|45.9
972|-2.9|45.9
973|-2.8|45.9
974|-2.7|45.9
975|-2.6|45.9
976|-2.5|45.9
977|-2.4|45.9
978|-2.3|45.9
979|-2.2|45.9
980|-2.1|45.9
981|-2.0|45.9
982|-1.9|45.9
983|-1.8|45.9
984|-1.7|45.9
985|-1.6|45.9
986|-1.5|45.9
987|-1.4|45.9
988|-1.3|45.9
989|-1.2|45.9
990|-1.1|45.9
991|-1.0|45.9
992|-0.9|45.9
993|-0.8|45.9
994|-0.7|45.9
995|-0.6|45.9
996|-0.5|45.9
997|-0.4|45.9
998|-0.3|45.9
999|-0.2|45.9
1000|-0.1|45.9
1001|-10.0|46.0
1002|-9.9|46.0
1003|-9.8|46.0
1004|-9.7|46.0
1005|-9.6|46.0
1006|-9.5|46.0
1007|-9.4|46.0
1008|-9.3|46.0
1009|-9.2|46.0
1010|-9.1|46.0
1011|-9.0|46.0
1012|-8.9|46.0
1013|-8.8|46.0
1014|-8.7|46.0
1015|-8.6|46.0
1016|-8.5|46.0
1017|-8.4|46.0
1018|-8.3|46.0
1019|-8.2|46.0
1020|-8.1|46.0
1021|-8.0|46.0
1022|-7.9|46.0
1023|-7.8|46.0
1024|-7.7|46.0
1025|-7.6|46.0
1026|-7.5|46.0
1027|-7.4|46.0
1028|-7.3|46.0
1029|-7.2|46.0
1030|-7.1|46.0
1031|-7.0|46.0
1032|-6.9|46.0
1033|-6.8|46.0
1034|-6.7|46.0
1035|-6.6|46.0
1036|-6.5|46.0
1037|-6.4|46.0
1038|-6.3|46.0
1039|-6.2|46.0
1040|-6.1|46.0
1041|-6.0|46.0
1042|-5.9|46.0
1043|-5.8|46.0
1044|-5.7|46.0
1045|-5.6|46.0
1046|-5.5|46.0
1047|-5.4|46.0
1048|-5.3|46.0
1049|-5.2|46.0
1050|-5.1|46.0
1051|-5.0|46.0
1052|-4.9|46.0
1053|-4.8|46.0
1054|-4.7|46.0
1055|-4.6|46.0
1056|-4.5|46.0
1057|-4.4|46.0
1058|-4.3|46.0
1059|-4.2|46.0
1060|-4.1|46.0
1061|-4.0|46.0
1062|-3.9|46.0
1063|-3.8|46.0
1064|-3.7|46.0
1065|-3.6|46.0
1066|-3.5|46.0
1067|-3.4|46.0
1068|-3.3|46.0
1069|-3.2|46.0
1070|-3.1|46.0
1071|-3.0|46.0
1072|-2.9|46.0
1073|-2.8|46.0
1074|-2.7|46.0
1075|-2.6|46.0
1076|-2.5|46.0
1077|-2.4|46.0
1078|-2.3|46.0
1079|-2.2|46.0
1080|-2.1|46.0
1081|-2.0|46.0
1082|-1.9|46.0
1083|-1.8|46.0
1084|-1.7|46.0
1085|-1.6|46.0
1086|-1.5|46.0
1087|-1.4|46.0
1088|-1.3|46.0
1089|-1.2|46.0
1090|-1.1|46.0
1091|-1.0|46.0
1092|-0.9|46.0
1093|-0.8|46.0
1094|-0.7|46.0
1095|-0.6|46.0
1096|-0.5|46.0
1097|-0.4|46.0
1098|-0.3|46.0
1099|-0.2|46.0
1100|-0.1|46.0
1101|-10.0|46.1
1102|-9.9|46.1
1103|-9.8|46.1
1104|-9.7|46.1
1105|-9.6|46.1
1106|-9.5|46.1
1107|-9.4|46.1
1108|-9.3|46.1
1109|-9.2|46.1
1110|-9.1|46.1
1111|-9.0|46.1
1112|-8.9|46.1
1113|-8.8|46.1
1114|-8.7|46.1
1115|-8.6|46.1
1116|-8.5|46.1
1117|-8.4|46.1
1118|-8.3|46.1
1119|-8.2|46.1
1120|-8.1|46.1
1121|-8.0|46.1
1122|-7.9|46.1
1123|-7.8|46.1
1124|-7.7|46.1
1125|-7.6|46.1
1126|-7.5|46.1
1127|-7.4|46.1
1128|-7.3|46.1
1129|-7.2|46.1
1130|-7.1|46.1
1131|-7.0|46.1
1132|-6.9|46.1
1133|-6.8|46.1
1134|-6.7|46.1
1135|-6.6|46.1
1136|-6.5|46.1
1137|-6.4|46.1
1138|-6.3|46.1
1139|-6.2|46.1
1140|-6.1|46.1
1141|-6.0|46.1
1142|-5.9|46.1
1143|-5.8|46.1
1144|-5.7|46.1
1145|-5.6|46.1
1146|-5.5|46.1
1147|-5.4|46.1
1148|-5.3|46.1
1149|-5.2|46.1
1150|-5.1|46.1
1151|-5.0|46.1
1152|-4.9|46.1
1153|-4.8|46.1
1154|-4.7|46.1
1155|-4.6|46.1
1156|-4.5|46.1
1157|-4.4|46.1
1158|-4.3|46.1
1159|-4.2|46.1
1160|-4.1|46.1
1161|-4.0|46.1
1162|-3.9|46.1
1163|-3.8|46.1
1164|-3.7|46.1
1165|-3.6|46.1
1166|-3.5|46.1
1167|-3.4|46.1
1168|-3.3|46.1
1169|-3.2|46.1
1170|-3.1|46.1
1171|-3.0|46.1
1172|-2.9|46.1
1173|-2.8|46.1
1174|-2.7|46.1
1175|-2.6|46.1
1176|-2.5|46.1
1177|-2.4|46.1
1178|-2.3|46.1
1179|-2.2|46.1
1180|-2.1|46.1
1181|-2.0|46.1
1182|-1.9|46.1
1183|-1.8|46.1
1184|-1.7|46.1
1185|-1.6|46.1
1186|-1.5|46.1
1187|-1.4|46.1
1188|-1.3|46.1
1189|-1.2|46.1
1190|-1.1|46.1
1191|-1.0|46.1
1192|-0.9|46.1
1193|-0.8|46.1
1194|-0.7|46.1
1195|-0.6|46.1
1196|-0.5|46.1
1197|-0.4|46.1
1198|-0.3|46.1
1199|-0.2|46.1
1200|-0.1|46.1
1201|-10.0|46.2
1202|-9.9|46.2
1203|-9.8|46.2
1204|-9.7|46.2
1205|-9.6|46.2
1206|-9.5|46.2
1207|-9.4|46.2
1208|-9.3|46.2
1209|-9.2|46.2
1210|-9.1|46.2
1211|-9.0|46.2
1212|-8.9|46.2
1213|-8.8|46.2
1214|-8.7|46.2
1215|-8.6|46.2
1216|-8.5|46.2
1217|-8.4|46.2
1218|-8.3|46.2
1219|-8.2|46.2
1220|-8.1|46.2
1221|-8.0|46.2
1222|-7.9|46.2
1223|-7.8|46.2
1224|-7.7|46.2
1225|-7.6|46.2
1226|-7.5|46.2
1227|-7.4|46.2
1228|-7.3|46.2
1229|-7.2|46.2
1230|-7.1|46.2
1231|-7.0|46.2
1232|-6.9|46.2
1233|-6.8|46.2
1234|-6.7|46.2
1235|-6.6|46.2
1236|-6.5|46.2
1237|-6.4|46.2
1238|-6.3|46.2
1239|-6.2|46.2
1240|-6.1|46.2
1241|-6.0|46.2
1242|-5.9|46.2
1243|-5.8|46.2
1244|-5.7|46.2
1245|-5.6|46.2
1246|-5.5|46.2
1247|-5.4|46.2
1248|-5.3|46.2
1249|-5.2|46.2
1250|-5.1|46.2
1251|-5.0|46.2
1252|-4.9|46.2
1253|-4.8|46.2
1254|-4.7|46.2
1255|-4.6|46.2
1256|-4.5|46.2
1257|-4.4|46.2
1258|-4.3|46.2
1259|-4.2|46.2
1260|-4.1|46.2
1261|-4.0|46.2
1262|-3.9|46.2
1263|-3.8|46.2
1264|-3.7|46.2
1265|-3.6|46.2
1266|-3.5|46.2
1267|-3.4|46.2
1268|-3.3|46.2
1269|-3.2|46.2
1270|-3.1|46.2
1271|-3.0|46.2
1272|-2.9|46.2
1273|-2.8|46.2
1274|-2.7|46.2
1275|-2.6|46.2
1276|-2.5|46.2
1277|-2.4|46.2
1278|-2.3|46.2
1279|-2.2|46.2
1280|-2.1|46.2
1281|-2.0|46.2
1282|-1.9|46.2
1283|-1.8|46.2
1284|-1.7|46.2
1285|-1.6|46.2
1286|-1.5|46.2
1287|-1.4|46.2
1288|-1.3|46.2
1289|-1.2|46.2
1290|-1.1|46.2
1291|-1.0|46.2
1292|-0.9|46.2
1293|-0.8|46.2
1294|-0.7|46.2
1295|-0.6|46.2
1296|-0.5|46.2
1297|-0.4|46.2
1298|-0.3|46.2
1299|-0.2|46.2
1300|-0.1|46.2
1301|-10.0|46.3
1302|-9.9|46.3
1303|-9.8|46.3
1304|-9.7|46.3
1305|-9.6|46.3
1306|-9.5|46.3
1307|-9.4|46.3
1308|-9.3|46.3
1309|-9.2|46.3
1310|-9.1|46.3
1311|-9.0|46.3
1312|-8.9|46.3
1313|-8.8|46.3
1314|-8.7|46.3
1315|-8.6|46.3
1316|-8.5|46.3
1317|-8.4|46.3
1318|-8.3|46.3
1319|-8.2|46.3
1320|-8.1|46.3
1321|-8.0|46.3
1322|-7.9|46.3
1323|-7.8|46.3
1324|-7.7|46.3
1325|-7.6|46.3
1326|-7.5|46.3
1327|-7.4|46.3
1328|-7.3|46.3
1329|-7.2|46.3
1330|-7.1|46.3
1331|-7.0|46.3
1332|-6.9|46.3
1333|-6.8|46.3
1334|-6.7|46.3
1335|-6.6|46.3
1336|-6.5|46.3
1337|-6.4|46.3
1338|-6.3|46.3
1339|-6.2|46.3
1340|-6.1|46.3
1341|-6.0|46.3
1342|-5.9|46.3
1343|-5.8|46.3
1344|-5.7|46.3
1345|-5.6|46.3
1346|-5.5|46.3
1347|-5.4|46.3
1348|-5.3|46.3
1349|-5.2|46.3
1350|-5.1|46.3
1351|-5.0|46.3
1352|-4.9|46.3
1353|-4.8|46.3
1354|-4.7|46.3
1355|-4.6|46.3
1356|-4.5|46.3
1357|-4.4|46.3
1358|-4.3|46.3
1359|-4.2|46.3
1360|-4.1|46.3
1361|-4.0|46.3
1362|-3.9|46.3
1363|-3.8|46.3
1364|-3.7|46.3
1365|-3.6|46.3
1366|-3.5|46.3
1367|-3.4|46.3
1368|-3.3|46.3
1369|-3.2|46.3
1370|-3.1|46.3
1371|-3.0|46.3
1372|-2.9|46.3
1373|-2.8|46.3
1374|-2.7|46.3
1375|-2.6|46.3
1376|-2.5|46.3
1377|-2.4|46.3
1378|-2.3|46.3
1379|-2.2|46.3
1380|-2.1|46.3
1381|-2.0|46.3
1382|-1.9|46.3
1383|-1.8|46.3
1384|-1.7|46.3
1385|-1.6|46.3
1386|-1.5|46.3
1387|-1.4|46.3
1388|-1.3|46.3
1389|-1.2|46.3
1390|-1.1|46.3
1391|-1.0|46.3
1392|-0.9|46.3
1393|-0.8|46.3
1394|-0.7|46.3
1395|-0.6|46.3
1396|-0.5|46.3
1397|-0.4|46.3
1398|-0.3|46.3
1399|-0.2|46.3
1400|-0.1|46.3
1401|-10.0|46.4
1402|-9.9|46.4
1403|-9.8|46.4
1404|-9.7|46.4
1405|-9.6|46.4
1406|-9.5|46.4
1407|-9.4|46.4
1408|-9.3|46.4
1409|-9.2|46.4
1410|-9.1|46.4
1411|-9.0|46.4
1412|-8.9|46.4
1413|-8.8|46.4
1414|-8.7|46.4
1415|-8.6|46.4
1416|-8.5|46.4
1417|-8.4|46.4
1418|-8.3|46.4
1419|-8.2|46.4
1420|-8.1|46.4
1421|-8.0|46.4
1422|-7.9|46.4
1423|-7.8|46.4
1424|-7.7|46.4
1425|-7.6|46.4
1426|-7.5|46.4
1427|-7.4|46.4
1428|-7.3|46.4
1429|-7.2|46.4
1430|-7.1|46.4
1431|-7.0|46.4
1432|-6.9|46.4
1433|-6.8|46.4
1434|-6.7|46.4
1435|-6.6|46.4
1436|-6.5|46.4
1437|-6.4|46.4
1438|-6.3|46.4
1439|-6.2|46.4
1440|-6.1|46.4
1441|-6.0|46.4
1442|-5.9|46.4
1443|-5.8|46.4
1444|-5.7|46.4
1445|-5.6|46.4
1446|-5.5|46.4
1447|-5.4|46.4
1448|-5.3|46.4
1449|-5.2|46.4
1450|-5.1|46.4
1451|-5.0|46.4
1452|-4.9|46.4
1453|-4.8|46.4
1454|-4.7|46.4
1455|-4.6|46.4
1456|-4.5|46.4
1457|-4.4|46.4
1458|-4.3|46.4
1459|-4.2|46.4
1460|-4.1|46.4
1461|-4.0|46.4
1462|-3.9|46.4
1463|-3.8|46.4
1464|-3.7|46.4
1465|-3.6|46.4
1466|-3.5|46.4
1467|-3.4|46.4
1468|-3.3|46.4
1469|-3.2|46.4
1470|-3.1|46.4
1471|-3.0|46.4
1472|-2.9|46.4
1473|-2.8|46.4
1474|-2.7|46.4
1475|-2.6|46.4
1476|-2.5|46.4
1477|-2.4|46.4
1478|-2.3|46.4
1479|-2.2|46.4
1480|-2.1|46.4
1481|-2.0|46.4
1482|-1.9|46.4
1483|-1.8|46.4
1484|-1.7|46.4
1485|-1.6|46.4
1486|-1.5|46.4
1487|-1.4|46.4
1488|-1.3|46.4
1489|-1.2|46.4
1490|-1.1|46.4
1491|-1.0|46.4
1492|-0.9|46.4
1493|-0.8|46.4
1494|-0.7|46.4
1495|-0.6|46.4
1496|-0.5|46.4
1497|-0.4|46.4
1498|-0.3|46.4
1499|-0.2|46.4
1500|-0.1|46.4
1501|-10.0|46.5
1502|-9.9|46.5
1503|-9.8|46.5
1504|-9.7|46.5
1505|-9.6|46.5
1506|-9.5|46.5
1507|-9.4|46.5
1508|-9.3|46.5
1509|-9.2|46.5
1510|-9.1|46.5
1511|-9.0|46.5
1512|-8.9|46.5
1513|-8.8|46.5
1514|-8.7|46.5
1515|-8.6|46.5
1516|-8.5|46.5
1517|-8.4|46.5
1518|-8.3|46.5
1519|-8.2|46.5
1520|-8.1|46.5
1521|-8.0|46.5
1522|-7.9|46.5
1523|-7.8|46.5
1524|-7.7|46.5
1525|-7.6|46.5
1526|-7.5|46.5
1527|-7.4|46.5
1528|-7.3|46.5
1529|-7.2|46.5
1530|-7.1|46.5
1531|-7.0|46.5
1532|-6.9|46.5
1533|-6.8|46.5
1534|-6.7|46.5
1535|-6.6|46.5
1536|-6.5|46.5
1537|-6.4|46.5
1538|-6.3|46.5
1539|-6.2|46.5
1540|-6.1|46.5
1541|-6.0|46.5
1542|-5.9|46.5
1543|-5.8|46.5
1544|-5.7|46.5
1545|-5.6|46.5
1546|-5.5|46.5
1547|-5.4|46.5
1548|-5.3|46.5
1549|-5.2|46.5
1550|-5.1|46.5
1551|-5.0|46.5
1552|-4.9|46.5
1553|-4.8|46.5
1554|-4.7|46.5
1555|-4.6|46.5
1556|-4.5|46.5
1557|-4.4|46.5
1558|-4.3|46.5
1559|-4.2|46.5
1560|-4.1|46.5
1561|-4.0|46.5
1562|-3.9|46.5
1563|-3.8|46.5
1564|-3.7|46.5
1565|-3.6|46.5
1566|-3.5|46.5
1567|-3.4|46.5
1568|-3.3|46.5
1569|-3.2|46.5
1570|-3.1|46.5
1571|-3.0|46.5
1572|-2.9|46.5
1573|-2.8|46.5
1574|-2.7|46.5
1575|-2.6|46.5
1576|-2.5|46.5
1577|-2.4|46.5
1578|-2.3|46.5
1579|-2.2|46.5
1580|-2.1|46.5
1581|-2.0|46.5
1582|-1.9|46.5
1583|-1.8|46.5
1584|-1.7|46.5
1585|-1.6|46.5
1586|-1.5|46.5
1587|-1.4|46.5
1588|-1.3|46.5
1589|-1.2|46.5
1590|-1.1|46.5
1591|-1.0|46.5
1592|-0.9|46.5
1593|-0.8|46.5
1594|-0.7|46.5
1595|-0.6|46.5
1596|-0.5|46.5
1597|-0.4|46.5
1598|-0.3|46.5
1599|-0.2|46.5
1600|-0.1|46.5
1601|-10.0|46.6
1602|-9.9|46.6
1603|-9.8|46.6
1604|-9.7|46.6
1605|-9.6|46.6
1606|-9.5|46.6
1607|-9.4|46.6
1608|-9.3|46.6
1609|-9.2|46.6
1610|-9.1|46.6
1611|-9.0|46.6
1612|-8.9|46.6
1613|-8.8|46.6
1614|-8.7|46.6
1615|-8.6|46.6
1616|-8.5|46.6
1617|-8.4|46.6
1618|-8.3|46.6
1619|-8.2|46.6
1620|-8.1|46.6
1621|-8.0|46.6
1622|-7.9|46.6
1623|-7.8|46.6
1624|-7.7|46.6
1625|-7.6|46.6
1626|-7.5|46.6
1627|-7.4|46.6
1628|-7.3|46.6
1629|-7.2|46.6
1630|-7.1|46.6
1631|-7.0|46.6
1632|-6.9|46.6
1633|-6.8|46.6
1634|-6.7|46.6
1635|-6.6|46.6
1636|-6.5|46.6
1637|-6.4|46.6
1638|-6.3|46.6
1639|-6.2|46.6
1640|-6.1|46.6
1641|-6.0|46.6
1642|-5.9|46.6
1643|-5.8|46.6
1644|-5.7|46.6
1645|-5.6|46.6
1646|-5.5|46.6
1647|-5.4|46.6
1648|-5.3|46.6
1649|-5.2|46.6
1650|-5.1|46.6
1651|-5.0|46.6
1652|-4.9|46.6
1653|-4.8|46.6
1654|-4.7|46.6
1655|-4.6|46.6
1656|-4.5|46.6
1657|-4.4|46.6
1658|-4.3|46.6
1659|-4.2|46.6
1660|-4.1|46.6
1661|-4.0|46.6
1662|-3.9|46.6
1663|-3.8|46.6
1664|-3.7|46.6
1665|-3.6|46.6
1666|-3.5|46.6
1667|-3.4|46.6
1668|-3.3|46.6
1669|-3.2|46.6
1670|-3.1|46.6
1671|-3.0|46.6
1672|-2.9|46.6
1673|-2.8|46.6
1674|-2.7|46.6
1675|-2.6|46.6
1676|-2.5|46.6
1677|-2.4|46.6
1678|-2.3|46.6
1679|-2.2|46.6
1680|-2.1|46.6
1681|-2.0|46.6
1682|-1.9|46.6
1683|-1.8|46.6
1684|-1.7|46.6
1685|-1.6|46.6
1686|-1.5|46.6
1687|-1.4|46.6
1688|-1.3|46.6
1689|-1.2|46.6
1690|-1.1|46.6
1691|-1.0|46.6
1692|-0.9|46.6
1693|-0.8|46.6
1694|-0.7|46.6
1695|-0.6|46.6
1696|-0.5|46.6
1697|-0.4|46.6
1698|-0.3|46.6
1699|-0.2|46.6
1700|-0.1|46.6
1701|-10.0|46.7
1702|-9.9|46.7
1703|-9.8|46.7
1704|-9.7|46.7
1705|-9.6|46.7
1706|-9.5|46.7
1707|-9.4|46.7
1708|-9.3|46.7
1709|-9.2|46.7
1710|-9.1|46.7
1711|-9.0|46.7
1712|-8.9|46.7
1713|-8.8|46.7
1714|-8.7|46.7
1715|-8.6|46.7
1716|-8.5|46.7
1717|-8.4|46.7
1718|-8.3|46.7
1719|-8.2|46.7
1720|-8.1|46.7
1721|-8.0|46.7
1722|-7.9|46.7
1723|-7.8|46.7
1724|-7.7|46.7
1725|-7.6|46.7
1726|-7.5|46.7
1727|-7.4|46.7
1728|-7.3|46.7
1729|-7.2|46.7
1730|-7.1|46.7
1731|-7.0|46.7
1732|-6.9|46.7
1733|-6.8|46.7
1734|-6.7|46.7
1735|-6.6|46.7
1736|-6.5|46.7
1737|-6.4|46.7
1738|-6.3|46.7
1739|-6.2|46.7
1740|-6.1|46.7
1741|-6.0|46.7
1742|-5.9|46.7
1743|-5.8|46.7
1744|-5.7|46.7
1745|-5.6|46.7
1746|-5.5|46.7
1747|-5.4|46.7
1748|-5.3|46.7
1749|-5.2|46.7
1750|-5.1|46.7
1751|-5.0|46.7
1752|-4.9|46.7
1753|-4.8|46.7
1754|-4.7|46.7
1755|-4.6|46.7
1756|-4.5|46.7
1757|-4.4|46.7
1758|-4.3|46.7
1759|-4.2|46.7
1760|-4.1|46.7
1761|-4.0|46.7
1762|-3.9|46.7
1763|-3.8|46.7
1764|-3.7|46.7
1765|-3.6|46.7
1766|-3.5|46.7
1767|-3.4|46.7
1768|-3.3|46.7
1769|-3.2|46.7
1770|-3.1|46.7
1771|-3.0|46.7
1772|-2.9|46.7
1773|-2.8|46.7
1774|-2.7|46.7
1775|-2.6|46.7
1776|-2.5|46.7
1777|-2.4|46.7
1778|-2.3|46.7
1779|-2.2|46.7
1780|-2.1|46.7
1781|-2.0|46.7
1782|-1.9|46.7
1783|-1.8|46.7
1784|-1.7|46.7
1785|-1.6|46.7
1786|-1.5|46.7
1787|-1.4|46.7
1788|-1.3|46.7
1789|-1.2|46.7
1790|-1.1|46.7
1791|-1.0|46.7
1792|-0.9|46.7
1793|-0.8|46.7
1794|-0.7|46.7
1795|-0.6|46.7
1796|-0.5|46.7
1797|-0.4|46.7
1798|-0.3|46.7
1799|-0.2|46.7
1800|-0.1|46.7
1801|-10.0|46.8
1802|-9.9|46.8
1803|-9.8|46.8
1804|-9.7|46.8
1805|-9.6|46.8
1806|-9.5|46.8
1807|-9.4|46.8
1808|-9.3|46.8
1809|-9.2|46.8
1810|-9.1|46.8
1811|-9.0|46.8
1812|-8.9|46.8
1813|-8.8|46.8
1814|-8.7|46.8
1815|-8.6|46.8
1816|-8.5|46.8
1817|-8.4|46.8
1818|-8.3|46.8
1819|-8.2|46.8
1820|-8.1|46.8
1821|-8.0|46.8
1822|-7.9|46.8
1823|-7.8|46.8
1824|-7.7|46.8
1825|-7.6|46.8
1826|-7.5|46.8
1827|-7.4|46.8
1828|-7.3|46.8
1829|-7.2|46.8
1830|-7.1|46.8
1831|-7.0|46.8
1832|-6.9|46.8
1833|-6.8|46.8
1834|-6.7|46.8
1835|-6.6|46.8
1836|-6.5|46.8
1837|-6.4|46.8
1838|-6.3|46.8
1839|-6.2|46.8
1840|-6.1|46.8
1841|-6.0|46.8
1842|-5.9|46.8
1843|-5.8|46.8
1844|-5.7|46.8
1845|-5.6|46.8
1846|-5.5|46.8
1847|-5.4|46.8
1848|-5.3|46.8
1849|-5.2|46.8
1850|-5.1|46.8
1851|-5.0|46.8
1852|-4.9|46.8
1853|-4.8|46.8
1854|-4.7|46.8
1855|-4.6|46.8
1856|-4.5|46.8
1857|-4.4|46.8
1858|-4.3|46.8
1859|-4.2|46.8
1860|-4.1|46.8
1861|-4.0|46.8
1862|-3.9|46.8
1863|-3.8|46.8
1864|-3.7|46.8
1865|-3.6|46.8
1866|-3.5|46.8
1867|-3.4|46.8
1868|-3.3|46.8
1869|-3.2|46.8
1870|-3.1|46.8
1871|-3.0|46.8
1872|-2.9|46.8
1873|-2.8|46.8
1874|-2.7|46.8
1875|-2.6|46.8
1876|-2.5|46.8
1877|-2.4|46.8
1878|-2.3|46.8
1879|-2.2|46.8
1880|-2.1|46.8
1881|-2.0|46.8
1882|-1.9|46.8
1883|-1.8|46.8
1884|-1.7|46.8
1885|-1.6|46.8
1886|-1.5|46.8
1887|-1.4|46.8
1888|-1.3|46.8
1889|-1.2|46.8
1890|-1.1|46.8
1891|-1.0|46.8
1892|-0.9|46.8
1893|-0.8|46.8
1894|-0.7|46.8
1895|-0.6|46.8
1896|-0.5|46.8
1897|-0.4|46.8
1898|-0.3|46.8
1899|-0.2|46.8
1900|-0.1|46.8
1901|-10.0|46.9
1902|-9.9|46.9
1903|-9.8|46.9
1904|-9.7|46.9
1905|-9.6|46.9
1906|-9.5|46.9
1907|-9.4|46.9
1908|-9.3|46.9
1909|-9.2|46.9
1910|-9.1|46.9
1911|-9.0|46.9
1912|-8.9|46.9
1913|-8.8|46.9
1914|-8.7|46.9
1915|-8.6|46.9
1916|-8.5|46.9
1917|-8.4|46.9
1918|-8.3|46.9
1919|-8.2|46.9
1920|-8.1|46.9
1921|-8.0|46.9
1922|-7.9|46.9
1923|-7.8|46.9
1924|-7.7|46.9
1925|-7.6|46.9
1926|-7.5|46.9
1927|-7.4|46.9
1928|-7.3|46.9
1929|-7.2|46.9
1930|-7.1|46.9
1931|-7.0|46.9
1932|-6.9|46.9
1933|-6.8|46.9
1934|-6.7|46.9
1935|-6.6|46.9
1936|-6.5|46.9
1937|-6.4|46.9
1938|-6.3|46.9
1939|-6.2|46.9
1940|-6.1|46.9
1941|-6.0|46.9
1942|-5.9|46.9
1943|-5.8|46.9
1944|-5.7|46.9
1945|-5.6|46.9
1946|-5.5|46.9
1947|-5.4|46.9
1948|-5.3|46.9
1949|-5.2|46.9
1950|-5.1|46.9
1951|-5.0|46.9
1952|-4.9|46.9
1953|-4.8|46.9
1954|-4.7|46.9
1955|-4.6|46.9
1956|-4.5|46.9
1957|-4.4|46.9
1958|-4.3|46.9
1959|-4.2|46.9
1960|-4.1|46.9
1961|-4.0|46.9
1962|-3.9|46.9
1963|-3.8|46.9
1964|-3.7|46.9
1965|-3.6|46.9
1966|-3.5|46.9
1967|-3.4|46.9
1968|-3.3|46.9
1969|-3.2|46.9
1970|-3.1|46.9
1971|-3.0|46.9
1972|-2.9|46.9
1973|-2.8|46.9
1974|-2.7|46.9
1975|-2.6|46.9
1976|-2.5|46.9
1977|-2.4|46.9
1978|-2.3|46.9
1979|-2.2|46.9
1980|-2.1|46.9
1981|-2.0|46.9
1982|-1.9|46.9
1983|-1.8|46.9
1984|-1.7|46.9
1985|-1.6|46.9
1986|-1.5|46.9
1987|-1.4|46.9
1988|-1.3|46.9
1989|-1.2|46.9
1990|-1.1|46.9
1991|-1.0|46.9
1992|-0.9|46.9
1993|-0.8|46.9
1994|-0.7|46.9
1995|-0.6|46.9
1996|-0.5|46.9
1997|-0.4|46.9
1998|-0.3|46.9
1999|-0.2|46.9
2000|-0.1|46.9
2001|-10.0|47.0
2002|-9.9|47.0
2003|-9.8|47.0
2004|-9.7|47.0
2005|-9.6|47.0
2006|-9.5|47.0
2007|-9.4|47.0
2008|-9.3|47.0
2009|-9.2|47.0
2010|-9.1|47.0
2011|-9.0|47.0
2012|-8.9|47.0
2013|-8.8|47.0
2014|-8.7|47.0
2015|-8.6|47.0
2016|-8.5|47.0
2017|-8.4|47.0
2018|-8.3|47.0
2019|-8.2|47.0
2020|-8.1|47.0
2021|-8.0|47.0
2022|-7.9|47.0
2023|-7.8|47.0
2024|-7.7|47.0
2025|-7.6|47.0
2026|-7.5|47.0
2027|-7.4|47.0
2028|-7.3|47.0
2029|-7.2|47.0
2030|-7.1|47.0
2031|-7.0|47.0
2032|-6.9|47.0
2033|-6.8|47.0
2034|-6.7|47.0
2035|-6.6|47.0
2036|-6.5|47.0
2037|-6.4|47.0
2038|-6.3|47.0
2039|-6.2|47.0
2040|-6.1|47.0
2041|-6.0|47.0
2042|-5.9|47.0
2043|-5.8|47.0
2044|-5.7|47.0
2045|-5.6|47.0
2046|-5.5|47.0
2047|-5.4|47.0
2048|-5.3|47.0
2049|-5.2|47.0
2050|-5.1|47.0
2051|-5.0|47.0
2052|-4.9|47.0
2053|-4.8|47.0
2054|-4.7|47.0
2055|-4.6|47.0
2056|-4.5|47.0
2057|-4.4|47.0
2058|-4.3|47.0
2059|-4.2|47.0
2060|-4.1|47.0
2061|-4.0|47.0
2062|-3.9|47.0
2063|-3.8|47.0
2064|-3.7|47.0
2065|-3.6|47.0
2066|-3.5|47.0
2067|-3.4|47.0
2068|-3.3|47.0
2069|-3.2|47.0
2070|-3.1|47.0
2071|-3.0|47.0
2072|-2.9|47.0
2073|-2.8|47.0
2074|-2.7|47.0
2075|-2.6|47.0
2076|-2.5|47.0
2077|-2.4|47.0
2078|-2.3|47.0
2079|-2.2|47.0
2080|-2.1|47.0
2081|-2.0|47.0
2082|-1.9|47.0
2083|-1.8|47.0
2084|-1.7|47.0
2085|-1.6|47.0
2086|-1.5|47.0
2087|-1.4|47.0
2088|-1.3|47.0
2089|-1.2|47.0
2090|-1.1|47.0
2091|-1.0|47.0
2092|-0.9|47.0
2093|-0.8|47.0
2094|-0.7|47.0
2095|-0.6|47.0
2096|-0.5|47.0
2097|-0.4|47.0
2098|-0.3|47.0
2099|-0.2|47.0
2100|-0.1|47.0
2101|-10.0|47.1
2102|-9.9|47.1
2103|-9.8|47.1
2104|-9.7|47.1
2105|-9.6|47.1
2106|-9.5|47.1
2107|-9.4|47.1
2108|-9.3|47.1
2109|-9.2|47.1
2110|-9.1|47.1
2111|-9.0|47.1
2112|-8.9|47.1
2113|-8.8|47.1
2114|-8.7|47.1
2115|-8.6|47.1
2116|-8.5|47.1
2117|-8.4|47.1
2118|-8.3|47.1
2119|-8.2|47.1
2120|-8.1|47.1
2121|-8.0|47.1
2122|-7.9|47.1
2123|-7.8|47.1
2124|-7.7|47.1
2125|-7.6|47.1
2126|-7.5|47.1
2127|-7.4|47.1
2128|-7.3|47.1
2129|-7.2|47.1
2130|-7.1|47.1
2131|-7.0|47.1
2132|-6.9|47.1
2133|-6.8|47.1
2134|-6.7|47.1
2135|-6.6|47.1
2136|-6.5|47.1
2137|-6.4|47.1
2138|-6.3|47.1
2139|-6.2|47.1
2140|-6.1|47.1
2141|-6.0|47.1
2142|-5.9|47.1
2143|-5.8|47.1
2144|-5.7|47.1
2145|-5.6|47.1
2146|-5.5|47.1
2147|-5.4|47.1
2148|-5.3|47.1
2149|-5.2|47.1
2150|-5.1|47.1
2151|-5.0|47.1
2152|-4.9|47.1
2153|-4.8|47.1
2154|-4.7|47.1
2155|-4.6|47.1
2156|-4.5|47.1
2157|-4.4|47.1
2158|-4.3|47.1
2159|-4.2|47.1
2160|-4.1|47.1
2161|-4.0|47.1
2162|-3.9|47.1
2163|-3.8|47.1
2164|-3.7|47.1
2165|-3.6|47.1
2166|-3.5|47.1
2167|-3.4|47.1
2168|-3.3|47.1
2169|-3.2|47.1
2170|-3.1|47.1
2171|-3.0|47.1
2172|-2.9|47.1
2173|-2.8|47.1
2174|-2.7|47.1
2175|-2.6|47.1
2176|-2.5|47.1
2177|-2.4|47.1
2178|-2.3|47.1
2179|-2.2|47.1
2180|-2.1|47.1
2181|-2.0|47.1
2182|-1.9|47.1
2183|-1.8|47.1
2184|-1.7|47.1
2185|-1.6|47.1
2186|-1.5|47.1
2187|-1.4|47.1
2188|-1.3|47.1
2189|-1.2|47.1
2190|-1.1|47.1
2191|-1.0|47.1
2192|-0.9|47.1
2193|-0.8|47.1
2194|-0.7|47.1
2195|-0.6|47.1
2196|-0.5|47.1
2197|-0.4|47.1
2198|-0.3|47.1
2199|-0.2|47.1
2200|-0.1|47.1
2201|-10.0|47.2
2202|-9.9|47.2
2203|-9.8|47.2
2204|-9.7|47.2
2205|-9.6|47.2
2206|-9.5|47.2
2207|-9.4|47.2
2208|-9.3|47.2
2209|-9.2|47.2
2210|-9.1|47.2
2211|-9.0|47.2
2212|-8.9|47.2
2213|-8.8|47.2
2214|-8.7|47.2
2215|-8.6|47.2
2216|-8.5|47.2
2217|-8.4|47.2
2218|-8.3|47.2
2219|-8.2|47.2
2220|-8.1|47.2
2221|-8.0|47.2
2222|-7.9|47.2
2223|-7.8|47.2
2224|-7.7|47.2
2225|-7.6|47.2
2226|-7.5|47.2
2227|-7.4|47.2
2228|-7.3|47.2
2229|-7.2|47.2
2230|-7.1|47.2
2231|-7.0|47.2
2232|-6.9|47.2
2233|-6.8|47.2
2234|-6.7|47.2
2235|-6.6|47.2
2236|-6.5|47.2
2237|-6.4|47.2
2238|-6.3|47.2
2239|-6.2|47.2
2240|-6.1|47.2
2241|-6.0|47.2
2242|-5.9|47.2
2243|-5.8|47.2
2244|-5.7|47.2
2245|-5.6|47.2
2246|-5.5|47.2
2247|-5.4|47.2
2248|-5.3|47.2
2249|-5.2|47.2
2250|-5.1|47.2
2251|-5.0|47.2
2252|-4.9|47.2
2253|-4.8|47.2
2254|-4.7|47.2
2255|-4.6|47.2
2256|-4.5|47.2
2257|-4.4|47.2
2258|-4.3|47.2
2259|-4.2|47.2
2260|-4.1|47.2
2261|-4.0|47.2
2262|-3.9|47.2
2263|-3.8|47.2
2264|-3.7|47.2
2265|-3.6|47.2
2266|-3.5|47.2
2267|-3.4|47.2
2268|-3.3|47.2
2269|-3.2|47.2
2270|-3.1|47.2
2271|-3.0|47.2
2272|-2.9|47.2
2273|-2.8|47.2
2274|-2.7|47.2
2275|-2.6|47.2
2276|-2.5|47.2
2277|-2.4|47.2
2278|-2.3|47.2
2279|-2.2|47.2
2280|-2.1|47.2
2281|-2.0|47.2
2282|-1.9|47.2
2283|-1.8|47.2
2284|-1.7|47.2
2285|-1.6|47.2
2286|-1.5|47.2
2287|-1.4|47.2
2288|-1.3|47.2
2289|-1.2|47.2
2290|-1.1|47.2
2291|-1.0|47.2
2292|-0.9|47.2
2293|-0.8|47.2
2294|-0.7|47.2
2295|-0.6|47.2
2296|-0.5|47.2
2297|-0.4|47.2
2298|-0.3|47.2
2299|-0.2|47.2
2300|-0.1|47.2
2301|-10.0|47.3
2302|-9.9|47.3
2303|-9.8|47.3
2304|-9.7|47.3
2305|-9.6|47.3
2306|-9.5|47.3
2307|-9.4|47.3
2308|-9.3|47.3
2309|-9.2|47.3
2310|-9.1|47.3
2311|-9.0|47.3
2312|-8.9|47.3
2313|-8.8|47.3
2314|-8.7|47.3
2315|-8.6|47.3
2316|-8.5|47.3
2317|-8.4|47.3
2318|-8.3|47.3
2319|-8.2|47.3
2320|-8.1|47.3
2321|-8.0|47.3
2322|-7.9|47.3
2323|-7.8|47.3
2324|-7.7|47.3
2325|-7.6|47.3
2326|-7.5|47.3
2327|-7.4|47.3
2328|-7.3|47.3
2329|-7.2|47.3
2330|-7.1|47.3
2331|-7.0|47.3
2332|-6.9|47.3
2333|-6.8|47.3
2334|-6.7|47.3
2335|-6.6|47.3
2336|-6.5|47.3
2337|-6.4|47.3
2338|-6.3|47.3
2339|-6.2|47.3
2340|-6.1|47.3
2341|-6.0|47.3
2342|-5.9|47.3
2343|-5.8|47.3
2344|-5.7|47.3
2345|-5.6|47.3
2346|-5.5|47.3
2347|-5.4|47.3
2348|-5.3|47.3
2349|-5.2|47.3
2350|-5.1|47.3
2351|-5.0|47.3
2352|-4.9|47.3
2353|-4.8|47.3
2354|-4.7|47.3
2355|-4.6|47.3
2356|-4.5|47.3
2357|-4.4|47.3
2358|-4.3|47.3
2359|-4.2|47.3
2360|-4.1|47.3
2361|-4.0|47.3
2362|-3.9|47.3
2363|-3.8|47.3
2364|-3.7|47.3
2365|-3.6|47.3
2366|-3.5|47.3
2367|-3.4|47.3
2368|-3.3|47.3
2369|-3.2|47.3
2370|-3.1|47.3
2371|-3.0|47.3
2372|-2.9|47.3
2373|-2.8|47.3
2374|-2.7|47.3
2375|-2.6|47.3
2376|-2.5|47.3
2377|-2.4|47.3
2378|-2.3|47.3
2379|-2.2|47.3
2380|-2.1|47.3
2381|-2.0|47.3
2382|-1.9|47.3
2383|-1.8|47.3
2384|-1.7|47.3
2385|-1.6|47.3
2386|-1.5|47.3
2387|-1.4|47.3
2388|-1.3|47.3
2389|-1.2|47.3
2390|-1.1|47.3
2391|-1.0|47.3
2392|-0.9|47.3
2393|-0.8|47.3
2394|-0.7|47.3
2395|-0.6|47.3
2396|-0.5|47.3
2397|-0.4|47.3
2398|-0.3|47.3
2399|-0.2|47.3
2400|-0.1|47.3
2401|-10.0|47.4
2402|-9.9|47.4
2403|-9.8|47.4
2404|-9.7|47.4
2405|-9.6|47.4
2406|-9.5|47.4
2407|-9.4|47.4
2408|-9.3|47.4
2409|-9.2|47.4
2410|-9.1|47.4
2411|-9.0|47.4
2412|-8.9|47.4
2413|-8.8|47.4
2414|-8.7|47.4
2415|-8.6|47.4
2416|-8.5|47.4
2417|-8.4|47.4
2418|-8.3|47.4
2419|-8.2|47.4
2420|-8.1|47.4
2421|-8.0|47.4
2422|-7.9|47.4
2423|-7.8|47.4
2424|-7.7|47.4
2425|-7.6|47.4
2426|-7.5|47.4
2427|-7.4|47.4
2428|-7.3|47.4
2429|-7.2|47.4
2430|-7.1|47.4
2431|-7.0|47.4
2432|-6.9|47.4
2433|-6.8|47.4
2434|-6.7|47.4
2435|-6.6|47.4
2436|-6.5|47.4
2437|-6.4|47.4
2438|-6.3|47.4
2439|-6.2|47.4
2440|-6.1|47.4
2441|-6.0|47.4
2442|-5.9|47.4
2443|-5.8|47.4
2444|-5.7|47.4
2445|-5.6|47.4
2446|-5.5|47.4
2447|-5.4|47.4
2448|-5.3|47.4
2449|-5.2|47.4
2450|-5.1|47.4
2451|-5.0|47.4
2452|-4.9|47.4
2453|-4.8|47.4
2454|-4.7|47.4
2455|-4.6|47.4
2456|-4.5|47.4
2457|-4.4|47.4
2458|-4.3|47.4
2459|-4.2|47.4
2460|-4.1|47.4
2461|-4.0|47.4
2462|-3.9|47.4
2463|-3.8|47.4
2464|-3.7|47.4
2465|-3.6|47.4
2466|-3.5|47.4
2467|-3.4|47.4
2468|-3.3|47.4
2469|-3.2|47.4
2470|-3.1|47.4
2471|-3.0|47.4
2472|-2.9|47.4
2473|-2.8|47.4
2474|-2.7|47.4
2475|-2.6|47.4
2476|-2.5|47.4
2477|-2.4|47.4
2478|-2.3|47.4
2479|-2.2|47.4
2480|-2.1|47.4
2481|-2.0|47.4
2482|-1.9|47.4
2483|-1.8|47.4
2484|-1.7|47.4
2485|-1.6|47.4
2486|-1.5|47.4
2487|-1.4|47.4
2488|-1.3|47.4
2489|-1.2|47.4
2490|-1.1|47.4
2491|-1.0|47.4
2492|-0.9|47.4
2493|-0.8|47.4
2494|-0.7|47.4
2495|-0.6|47.4
2496|-0.5|47.4
2497|-0.4|47.4
2498|-0.3|47.4
2499|-0.2|47.4
2500|-0.1|47.4
2501|-10.0|47.5
2502|-9.9|47.5
2503|-9.8|47.5
2504|-9.7|47.5
2505|-9.6|47.5
2506|-9.5|47.5
2507|-9.4|47.5
2508|-9.3|47.5
2509|-9.2|47.5
2510|-9.1|47.5
2511|-9.0|47.5
2512|-8.9|47.5
2513|-8.8|47.5
2514|-8.7|47.5
2515|-8.6|47.5
2516|-8.5|47.5
2517|-8.4|47.5
2518|-8.3|47.5
2519|-8.2|47.5
2520|-8.1|47.5
2521|-8.0|47.5
2522|-7.9|47.5
2523|-7.8|47.5
2524|-7.7|47.5
2525|-7.6|47.5
2526|-7.5|47.5
2527|-7.4|47.5
2528|-7.3|47.5
2529|-7.2|47.5
2530|-7.1|47.5
2531|-7.0|47.5
2532|-6.9|47.5
2533|-6.8|47.5
2534|-6.7|47.5
2535|-6.6|47.5
2536|-6.5|47.5
2537|-6.4|47.5
2538|-6.3|47.5
2539|-6.2|47.5
2540|-6.1|47.5
2541|-6.0|47.5
2542|-5.9|47.5
2543|-5.8|47.5
2544|-5.7|47.5
2545|-5.6|47.5
2546|-5.5|47.5
2547|-5.4|47.5
2548|-5.3|47.5
2549|-5.2|47.5
2550|-5.1|47.5
2551|-5.0|47.5
2552|-4.9|47.5
2553|-4.8|47.5
2554|-4.7|47.5
2555|-4.6|47.5
2556|-4.5|47.5
2557|-4.4|47.5
2558|-4.3|47.5
2559|-4.2|47.5
2560|-4.1|47.5
2561|-4.0|47.5
2562|-3.9|47.5
2563|-3.8|47.5
2564|-3.7|47.5
2565|-3.6|47.5
2566|-3.5|47.5
2567|-3.4|47.5
2568|-3.3|47.5
2569|-3.2|47.5
2570|-3.1|47.5
2571|-3.0|47.5
2572|-2.9|47.5
2573|-2.8|47.5
2574|-2.7|47.5
2575|-2.6|47.5
2576|-2.5|47.5
2577|-2.4|47.5
2578|-2.3|47.5
2579|-2.2|47.5
2580|-2.1|47.5
2581|-2.0|47.5
2582|-1.9|47.5
2583|-1.8|47.5
2584|-1.7|47.5
2585|-1.6|47.5
2586|-1.5|47.5
2587|-1.4|47.5
2588|-1.3|47.5
2589|-1.2|47.5
2590|-1.1|47.5
2591|-1.0|47.5
2592|-0.9|47.5
2593|-0.8|47.5
2594|-0.7|47.5
2595|-0.6|47.5
2596|-0.5|47.5
2597|-0.4|47.5
2598|-0.3|47.5
2599|-0.2|47.5
2600|-0.1|47.5
2601|-10.0|47.6
2602|-9.9|47.6
2603|-9.8|47.6
2604|-9.7|47.6
2605|-9.6|47.6
2606|-9.5|47.6
2607|-9.4|47.6
2608|-9.3|47.6
2609|-9.2|47.6
2610|-9.1|47.6
2611|-9.0|47.6
2612|-8.9|47.6
2613|-8.8|47.6
2614|-8.7|47.6
2615|-8.6|47.6
2616|-8.5|47.6
2617|-8.4|47.6
2618|-8.3|47.6
2619|-8.2|47.6
2620|-8.1|47.6
2621|-8.0|47.6
2622|-7.9|47.6
2623|-7.8|47.6
2624|-7.7|47.6
2625|-7.6|47.6
2626|-7.5|47.6
2627|-7.4|47.6
2628|-7.3|47.6
2629|-7.2|47.6
2630|-7.1|47.6
2631|-7.0|47.6
2632|-6.9|47.6
2633|-6.8|47.6
2634|-6.7|47.6
2635|-6.6|47.6
2636|-6.5|47.6
2637|-6.4|47.6
2638|-6.3|47.6
2639|-6.2|47.6
2640|-6.1|47.6
2641|-6.0|47.6
2642|-5.9|47.6
2643|-5.8|47.6
2644|-5.7|47.6
2645|-5.6|47.6
2646|-5.5|47.6
2647|-5.4|47.6
2648|-5.3|47.6
2649|-5.2|47.6
2650|-5.1|47.6
2651|-5.0|47.6
2652|-4.9|47.6
2653|-4.8|47.6
2654|-4.7|47.6
2655|-4.6|47.6
2656|-4.5|47.6
2657|-4.4|47.6
2658|-4.3|47.6
2659|-4.2|47.6
2660|-4.1|47.6
2661|-4.0|47.6
2662|-3.9|47.6
2663|-3.8|47.6
2664|-3.7|47.6
2665|-3.6|47.6
2666|-3.5|47.6
2667|-3.4|47.6
2668|-3.3|47.6
2669|-3.2|47.6
2670|-3.1|47.6
2671|-3.0|47.6
2672|-2.9|47.6
2673|-2.8|47.6
2674|-2.7|47.6
2675|-2.6|47.6
2676|-2.5|47.6
2677|-2.4|47.6
2678|-2.3|47.6
2679|-2.2|47.6
2680|-2.1|47.6
2681|-2.0|47.6
2682|-1.9|47.6
2683|-1.8|47.6
2684|-1.7|47.6
2685|-1.6|47.6
2686|-1.5|47.6
2687|-1.4|47.6
2688|-1.3|47.6
2689|-1.2|47.6
2690|-1.1|47.6
2691|-1.0|47.6
2692|-0.9|47.6
2693|-0.8|47.6
2694|-0.7|47.6
2695|-0.6|47.6
2696|-0.5|47.6
2697|-0.4|47.6
2698|-0.3|47.6
2699|-0.2|47.6
2700|-0.1|47.6
2701|-10.0|47.7
2702|-9.9|47.7
2703|-9.8|47.7
2704|-9.7|47.7
2705|-9.6|47.7
2706|-9.5|47.7
2707|-9.4|47.7
2708|-9.3|47.7
2709|-9.2|47.7
2710|-9.1|47.7
2711|-9.0|47.7
2712|-8.9|47.7
2713|-8.8|47.7
2714|-8.7|47.7
2715|-8.6|47.7
2716|-8.5|47.7
2717|-8.4|47.7
2718|-8.3|47.7
2719|-8.2|47.7
2720|-8.1|47.7
2721|-8.0|47.7
2722|-7.9|47.7
2723|-7.8|47.7
2724|-7.7|47.7
2725|-7.6|47.7
2726|-7.5|47.7
2727|-7.4|47.7
2728|-7.3|47.7
2729|-7.2|47.7
2730|-7.1|47.7
2731|-7.0|47.7
2732|-6.9|47.7
2733|-6.8|47.7
2734|-6.7|47.7
2735|-6.6|47.7
2736|-6.5|47.7
2737|-6.4|47.7
2738|-6.3|47.7
2739|-6.2|47.7
2740|-6.1|47.7
2741|-6.0|47.7
2742|-5.9|47.7
2743|-5.8|47.7
2744|-5.7|47.7
2745|-5.6|47.7
2746|-5.5|47.7
2747|-5.4|47.7
2748|-5.3|47.7
2749|-5.2|47.7
2750|-5.1|47.7
2751|-5.0|47.7
2752|-4.9|47.7
2753|-4.8|47.7
2754|-4.7|47.7
2755|-4.6|47.7
2756|-4.5|47.7
2757|-4.4|47.7
2758|-4.3|47.7
2759|-4.2|47.7
2760|-4.1|47.7
2761|-4.0|47.7
2762|-3.9|47.7
2763|-3.8|47.7
2764|-3.7|47.7
2765|-3.6|47.7
2766|-3.5|47.7
2767|-3.4|47.7
2768|-3.3|47.7
2769|-3.2|47.7
2770|-3.1|47.7
2771|-3.0|47.7
2772|-2.9|47.7
2773|-2.8|47.7
2774|-2.7|47.7
2775|-2.6|47.7
2776|-2.5|47.7
2777|-2.4|47.7
2778|-2.3|47.7
2779|-2.2|47.7
2780|-2.1|47.7
2781|-2.0|47.7
2782|-1.9|47.7
2783|-1.8|47.7
2784|-1.7|47.7
2785|-1.6|47.7
2786|-1.5|47.7
2787|-1.4|47.7
2788|-1.3|47.7
2789|-1.2|47.7
2790|-1.1|47.7
2791|-1.0|47.7
2792|-0.9|47.7
2793|-0.8|47.7
2794|-0.7|47.7
2795|-0.6|47.7
2796|-0.5|47.7
2797|-0.4|47.7
2798|-0.3|47.7
2799|-0.2|47.7
2800|-0.1|47.7
2801|-10.0|47.8
2802|-9.9|47.8
2803|-9.8|47.8
2804|-9.7|47.8
2805|-9.6|47.8
2806|-9.5|47.8
2807|-9.4|47.8
2808|-9.3|47.8
2809|-9.2|47.8
2810|-9.1|47.8
2811|-9.0|47.8
2812|-8.9|47.8
2813|-8.8|47.8
2814|-8.7|47.8
2815|-8.6|47.8
2816|-8.5|47.8
2817|-8.4|47.8
2818|-8.3|47.8
2819|-8.2|47.8
2820|-8.1|47.8
2821|-8.0|47.8
2822|-7.9|47.8
2823|-7.8|47.8
2824|-7.7|47.8
2825|-7.6|47.8
2826|-7.5|47.8
2827|-7.4|47.8
2828|-7.3|47.8
2829|-7.2|47.8
2830|-7.1|47.8
2831|-7.0|47.8
2832|-6.9|47.8
2833|-6.8|47.8
2834|-6.7|47.8
2835|-6.6|47.8
2836|-6.5|47.8
2837|-6.4|47.8
2838|-6.3|47.8
2839|-6.2|47.8
2840|-6.1|47.8
2841|-6.0|47.8
2842|-5.9|47.8
2843|-5.8|47.8
2844|-5.7|47.8
2845|-5.6|47.8
2846|-5.5|47.8
2847|-5.4|47.8
2848|-5.3|47.8
2849|-5.2|47.8
2850|-5.1|47.8
2851|-5.0|47.8
2852|-4.9|47.8
2853|-4.8|47.8
2854|-4.7|47.8
2855|-4.6|47.8
2856|-4.5|47.8
2857|-4.4|47.8
2858|-4.3|47.8
2859|-4.2|47.8
2860|-4.1|47.8
2861|-4.0|47.8
2862|-3.9|47.8
2863|-3.8|47.8
2864|-3.7|47.8
2865|-3.6|47.8
2866|-3.5|47.8
2867|-3.4|47.8
2868|-3.3|47.8
2869|-3.2|47.8
2870|-3.1|47.8
2871|-3.0|47.8
2872|-2.9|47.8
2873|-2.8|47.8
2874|-2.7|47.8
2875|-2.6|47.8
2876|-2.5|47.8
2877|-2.4|47.8
2878|-2.3|47.8
2879|-2.2|47.8
2880|-2.1|47.8
2881|-2.0|47.8
2882|-1.9|47.8
2883|-1.8|47.8
2884|-1.7|47.8
2885|-1.6|47.8
2886|-1.5|47.8
2887|-1.4|47.8
2888|-1.3|47.8
2889|-1.2|47.8
2890|-1.1|47.8
2891|-1.0|47.8
2892|-0.9|47.8
2893|-0.8|47.8
2894|-0.7|47.8
2895|-0.6|47.8
2896|-0.5|47.8
2897|-0.4|47.8
2898|-0.3|47.8
2899|-0.2|47.8
2900|-0.1|47.8
2901|-10.0|47.9
2902|-9.9|47.9
2903|-9.8|47.9
2904|-9.7|47.9
2905|-9.6|47.9
2906|-9.5|47.9
2907|-9.4|47.9
2908|-9.3|47.9
2909|-9.2|47.9
2910|-9.1|47.9
2911|-9.0|47.9
2912|-8.9|47.9
2913|-8.8|47.9
2914|-8.7|47.9
2915|-8.6|47.9
2916|-8.5|47.9
2917|-8.4|47.9
2918|-8.3|47.9
2919|-8.2|47.9
2920|-8.1|47.9
2921|-8.0|47.9
2922|-7.9|47.9
2923|-7.8|47.9
2924|-7.7|47.9
2925|-7.6|47.9
2926|-7.5|47.9
2927|-7.4|47.9
2928|-7.3|47.9
2929|-7.2|47.9
2930|-7.1|47.9
2931|-7.0|47.9
2932|-6.9|47.9
2933|-6.8|47.9
2934|-6.7|47.9
2935|-6.6|47.9
2936|-6.5|47.9
2937|-6.4|47.9
2938|-6.3|47.9
2939|-6.2|47.9
2940|-6.1|47.9
2941|-6.0|47.9
2942|-5.9|47.9
2943|-5.8|47.9
2944|-5.7|47.9
2945|-5.6|47.9
2946|-5.5|47.9
2947|-5.4|47.9
2948|-5.3|47.9
2949|-5.2|47.9
2950|-5.1|47.9
2951|-5.0|47.9
2952|-4.9|47.9
2953|-4.8|47.9
2954|-4.7|47.9
2955|-4.6|47.9
2956|-4.5|47.9
2957|-4.4|47.9
2958|-4.3|47.9
2959|-4.2|47.9
2960|-4.1|47.9
2961|-4.0|47.9
2962|-3.9|47.9
2963|-3.8|47.9
2964|-3.7|47.9
2965|-3.6|47.9
2966|-3.5|47.9
2967|-3.4|47.9
2968|-3.3|47.9
2969|-3.2|47.9
2970|-3.1|47.9
2971|-3.0|47.9
2972|-2.9|47.9
2973|-2.8|47.9
2974|-2.7|47.9
2975|-2.6|47.9
2976|-2.5|47.9
2977|-2.4|47.9
2978|-2.3|47.9
2979|-2.2|47.9
2980|-2.1|47.9
2981|-2.0|47.9
2982|-1.9|47.9
2983|-1.8|47.9
2984|-1.7|47.9
2985|-1.6|47.9
2986|-1.5|47.9
2987|-1.4|47.9
2988|-1.3|47.9
2989|-1.2|47.9
2990|-1.1|47.9
2991|-1.0|47.9
2992|-0.9|47.9
2993|-0.8|47.9
2994|-0.7|47.9
2995|-0.6|47.9
2996|-0.5|47.9
2997|-0.4|47.9
2998|-0.3|47.9
2999|-0.2|47.9
3000|-0.1|47.9
3001|-10.0|48.0
3002|-9.9|48.0
3003|-9.8|48.0
3004|-9.7|48.0
3005|-9.6|48.0
3006|-9.5|48.0
3007|-9.4|48.0
3008|-9.3|48.0
3009|-9.2|48.0
3010|-9.1|48.0
3011|-9.0|48.0
3012|-8.9|48.0
3013|-8.8|48.0
3014|-8.7|48.0
3015|-8.6|48.0
3016|-8.5|48.0
3017|-8.4|48.0
3018|-8.3|48.0
3019|-8.2|48.0
3020|-8.1|48.0
3021|-8.0|48.0
3022|-7.9|48.0
3023|-7.8|48.0
3024|-7.7|48.0
3025|-7.6|48.0
3026|-7.5|48.0
3027|-7.4|48.0
3028|-7.3|48.0
3029|-7.2|48.0
3030|-7.1|48.0
3031|-7.0|48.0
3032|-6.9|48.0
3033|-6.8|48.0
3034|-6.7|48.0
3035|-6.6|48.0
3036|-6.5|48.0
3037|-6.4|48.0
3038|-6.3|48.0
3039|-6.2|48.0
3040|-6.1|48.0
3041|-6.0|48.0
3042|-5.9|48.0
3043|-5.8|48.0
3044|-5.7|48.0
3045|-5.6|48.0
3046|-5.5|48.0
3047|-5.4|48.0
3048|-5.3|48.0
3049|-5.2|48.0
3050|-5.1|48.0
3051|-5.0|48.0
3052|-4.9|48.0
3053|-4.8|48.0
3054|-4.7|48.0
3055|-4.6|48.0
3056|-4.5|48.0
3057|-4.4|48.0
3058|-4.3|48.0
3059|-4.2|48.0
3060|-4.1|48.0
3061|-4.0|48.0
3062|-3.9|48.0
3063|-3.8|48.0
3064|-3.7|48.0
3065|-3.6|48.0
3066|-3.5|48.0
3067|-3.4|48.0
3068|-3.3|48.0
3069|-3.2|48.0
3070|-3.1|48.0
3071|-3.0|48.0
3072|-2.9|48.0
3073|-2.8|48.0
3074|-2.7|48.0
3075|-2.6|48.0
3076|-2.5|48.0
3077|-2.4|48.0
3078|-2.3|48.0
3079|-2.2|48.0
3080|-2.1|48.0
3081|-2.0|48.0
3082|-1.9|48.0
3083|-1.8|48.0
3084|-1.7|48.0
3085|-1.6|48.0
3086|-1.5|48.0
3087|-1.4|48.0
3088|-1.3|48.0
3089|-1.2|48.0
3090|-1.1|48.0
3091|-1.0|48.0
3092|-0.9|48.0
3093|-0.8|48.0
3094|-0.7|48.0
3095|-0.6|48.0
3096|-0.5|48.0
3097|-0.4|48.0
3098|-0.3|48.0
3099|-0.2|48.0
3100|-0.1|48.0
3101|-10.0|48.1
3102|-9.9|48.1
3103|-9.8|48.1
3104|-9.7|48.1
3105|-9.6|48.1
3106|-9.5|48.1
3107|-9.4|48.1
3108|-9.3|48.1
3109|-9.2|48.1
3110|-9.1|48.1
3111|-9.0|48.1
3112|-8.9|48.1
3113|-8.8|48.1
3114|-8.7|48.1
3115|-8.6|48.1
3116|-8.5|48.1
3117|-8.4|48.1
3118|-8.3|48.1
3119|-8.2|48.1
3120|-8.1|48.1
3121|-8.0|48.1
3122|-7.9|48.1
3123|-7.8|48.1
3124|-7.7|48.1
3125|-7.6|48.1
3126|-7.5|48.1
3127|-7.4|48.1
3128|-7.3|48.1
3129|-7.2|48.1
3130|-7.1|48.1
3131|-7.0|48.1
3132|-6.9|48.1
3133|-6.8|48.1
3134|-6.7|48.1
3135|-6.6|48.1
3136|-6.5|48.1
3137|-6.4|48.1
3138|-6.3|48.1
3139|-6.2|48.1
3140|-6.1|48.1
3141|-6.0|48.1
3142|-5.9|48.1
3143|-5.8|48.1
3144|-5.7|48.1
3145|-5.6|48.1
3146|-5.5|48.1
3147|-5.4|48.1
3148|-5.3|48.1
3149|-5.2|48.1
3150|-5.1|48.1
3151|-5.0|48.1
3152|-4.9|48.1
3153|-4.8|48.1
3154|-4.7|48.1
3155|-4.6|48.1
3156|-4.5|48.1
3157|-4.4|48.1
3158|-4.3|48.1
3159|-4.2|48.1
3160|-4.1|48.1
3161|-4.0|48.1
3162|-3.9|48.1
3163|-3.8|48.1
3164|-3.7|48.1
3165|-3.6|48.1
3166|-3.5|48.1
3167|-3.4|48.1
3168|-3.3|48.1
3169|-3.2|48.1
3170|-3.1|48.1
3171|-3.0|48.1
3172|-2.9|48.1
3173|-2.8|48.1
3174|-2.7|48.1
3175|-2.6|48.1
3176|-2.5|48.1
3177|-2.4|48.1
3178|-2.3|48.1
3179|-2.2|48.1
3180|-2.1|48.1
3181|-2.0|48.1
3182|-1.9|48.1
3183|-1.8|48.1
3184|-1.7|48.1
3185|-1.6|48.1
3186|-1.5|48.1
3187|-1.4|48.1
3188|-1.3|48.1
3189|-1.2|48.1
3190|-1.1|48.1
3191|-1.0|48.1
3192|-0.9|48.1
3193|-0.8|48.1
3194|-0.7|48.1
3195|-0.6|48.1
3196|-0.5|48.1
3197|-0.4|48.1
3198|-0.3|48.1
3199|-0.2|48.1
3200|-0.1|48.1
3201|-10.0|48.2
3202|-9.9|48.2
3203|-9.8|48.2
3204|-9.7|48.2
3205|-9.6|48.2
3206|-9.5|48.2
3207|-9.4|48.2
3208|-9.3|48.2
3209|-9.2|48.2
3210|-9.1|48.2
3211|-9.0|48.2
3212|-8.9|48.2
3213|-8.8|48.2
3214|-8.7|48.2
3215|-8.6|48.2
3216|-8.5|48.2
3217|-8.4|48.2
3218|-8.3|48.2
3219|-8.2|48.2
3220|-8.1|48.2
3221|-8.0|48.2
3222|-7.9|48.2
3223|-7.8|48.2
3224|-7.7|48.2
3225|-7.6|48.2
3226|-7.5|48.2
3227|-7.4|48.2
3228|-7.3|48.2
3229|-7.2|48.2
3230|-7.1|48.2
3231|-7.0|48.2
3232|-6.9|48.2
3233|-6.8|48.2
3234|-6.7|48.2
3235|-6.6|48.2
3236|-6.5|48.2
3237|-6.4|48.2
3238|-6.3|48.2
3239|-6.2|48.2
3240|-6.1|48.2
3241|-6.0|48.2
3242|-5.9|48.2
3243|-5.8|48.2
3244|-5.7|48.2
3245|-5.6|48.2
3246|-5.5|48.2
3247|-5.4|48.2
3248|-5.3|48.2
3249|-5.2|48.2
3250|-5.1|48.2
3251|-5.0|48.2
3252|-4.9|48.2
3253|-4.8|48.2
3254|-4.7|48.2
3255|-4.6|48.2
3256|-4.5|48.2
3257|-4.4|48.2
3258|-4.3|48.2
3259|-4.2|48.2
3260|-4.1|48.2
3261|-4.0|48.2
3262|-3.9|48.2
3263|-3.8|48.2
3264|-3.7|48.2
3265|-3.6|48.2
3266|-3.5|48.2
3267|-3.4|48.2
3268|-3.3|48.2
3269|-3.2|48.2
3270|-3.1|48.2
3271|-3.0|48.2
3272|-2.9|48.2
3273|-2.8|48.2
3274|-2.7|48.2
3275|-2.6|48.2
3276|-2.5|48.2
3277|-2.4|48.2
3278|-2.3|48.2
3279|-2.2|48.2
3280|-2.1|48.2
3281|-2.0|48.2
3282|-1.9|48.2
3283|-1.8|48.2
3284|-1.7|48.2
3285|-1.6|48.2
3286|-1.5|48.2
3287|-1.4|48.2
3288|-1.3|48.2
3289|-1.2|48.2
3290|-1.1|48.2
3291|-1.0|48.2
3292|-0.9|48.2
3293|-0.8|48.2
3294|-0.7|48.2
3295|-0.6|48.2
3296|-0.5|48.2
3297|-0.4|48.2
3298|-0.3|48.2
3299|-0.2|48.2
3300|-0.1|48.2
3301|-10.0|48.3
3302|-9.9|48.3
3303|-9.8|48.3
3304|-9.7|48.3
3305|-9.6|48.3
3306|-9.5|48.3
3307|-9.4|48.3
3308|-9.3|48.3
3309|-9.2|48.3
3310|-9.1|48.3
3311|-9.0|48.3
3312|-8.9|48.3
3313|-8.8|48.3
3314|-8.7|48.3
3315|-8.6|48.3
3316|-8.5|48.3
3317|-8.4|48.3
3318|-8.3|48.3
3319|-8.2|48.3
3320|-8.1|48.3
3321|-8.0|48.3
3322|-7.9|48.3
3323|-7.8|48.3
3324|-7.7|48.3
3325|-7.6|48.3
3326|-7.5|48.3
3327|-7.4|48.3
3328|-7.3|48.3
3329|-7.2|48.3
3330|-7.1|48.3
3331|-7.0|48.3
3332|-6.9|48.3
3333|-6.8|48.3
3334|-6.7|48.3
3335|-6.6|48.3
3336|-6.5|48.3
3337|-6.4|48.3
3338|-6.3|48.3
3339|-6.2|48.3
3340|-6.1|48.3
3341|-6.0|48.3
3342|-5.9|48.3
3343|-5.8|48.3
3344|-5.7|48.3
3345|-5.6|48.3
3346|-5.5|48.3
3347|-5.4|48.3
3348|-5.3|48.3
3349|-5.2|48.3
3350|-5.1|48.3
3351|-5.0|48.3
3352|-4.9|48.3
3353|-4.8|48.3
3354|-4.7|48.3
3355|-4.6|48.3
3356|-4.5|48.3
3357|-4.4|48.3
3358|-4.3|48.3
3359|-4.2|48.3
3360|-4.1|48.3
3361|-4.0|48.3
3362|-3.9|48.3
3363|-3.8|48.3
3364|-3.7|48.3
3365|-3.6|48.3
3366|-3.5|48.3
3367|-3.4|48.3
3368|-3.3|48.3
3369|-3.2|48.3
3370|-3.1|48.3
3371|-3.0|48.3
3372|-2.9|48.3
3373|-2.8|48.3
3374|-2.7|48.3
3375|-2.6|48.3
3376|-2.5|48.3
3377|-2.4|48.3
3378|-2.3|48.3
3379|-2.2|48.3
3380|-2.1|48.3
3381|-2.0|48.3
3382|-1.9|48.3
3383|-1.8|48.3
3384|-1.7|48.3
3385|-1.6|48.3
3386|-1.5|48.3
3387|-1.4|48.3
3388|-1.3|48.3
3389|-1.2|48.3
3390|-1.1|48.3
3391|-1.0|48.3
3392|-0.9|48.3
3393|-0.8|48.3
3394|-0.7|48.3
3395|-0.6|48.3
3396|-0.5|48.3
3397|-0.4|48.3
3398|-0.3|48.3
3399|-0.2|48.3
3400|-0.1|48.3
3401|-10.0|48.4
3402|-9.9|48.4
3403|-9.8|48.4
3404|-9.7|48.4
3405|-9.6|48.4
3406|-9.5|48.4
3407|-9.4|48.4
3408|-9.3|48.4
3409|-9.2|48.4
3410|-9.1|48.4
3411|-9.0|48.4
3412|-8.9|48.4
3413|-8.8|48.4
3414|-8.7|48.4
3415|-8.6|48.4
3416|-8.5|48.4
3417|-8.4|48.4
3418|-8.3|48.4
3419|-8.2|48.4
3420|-8.1|48.4
3421|-8.0|48.4
3422|-7.9|48.4
3423|-7.8|48.4
3424|-7.7|48.4
3425|-7.6|48.4
3426|-7.5|48.4
3427|-7.4|48.4
3428|-7.3|48.4
3429|-7.2|48.4
3430|-7.1|48.4
3431|-7.0|48.4
3432|-6.9|48.4
3433|-6.8|48.4
3434|-6.7|48.4
3435|-6.6|48.4
3436|-6.5|48.4
3437|-6.4|48.4
3438|-6.3|48.4
3439|-6.2|48.4
3440|-6.1|48.4
3441|-6.0|48.4
3442|-5.9|48.4
3443|-5.8|48.4
3444|-5.7|48.4
3445|-5.6|48.4
3446|-5.5|48.4
3447|-5.4|48.4
3448|-5.3|48.4
3449|-5.2|48.4
3450|-5.1|48.4
3451|-5.0|48.4
3452|-4.9|48.4
3453|-4.8|48.4
3454|-4.7|48.4
3455|-4.6|48.4
3456|-4.5|48.4
3457|-4.4|48.4
3458|-4.3|48.4
3459|-4.2|48.4
3460|-4.1|48.4
3461|-4.0|48.4
3462|-3.9|48.4
3463|-3.8|48.4
3464|-3.7|48.4
3465|-3.6|48.4
3466|-3.5|48.4
3467|-3.4|48.4
3468|-3.3|48.4
3469|-3.2|48.4
3470|-3.1|48.4
3471|-3.0|48.4
3472|-2.9|48.4
3473|-2.8|48.4
3474|-2.7|48.4
3475|-2.6|48.4
3476|-2.5|48.4
3477|-2.4|48.4
3478|-2.3|48.4
3479|-2.2|48.4
3480|-2.1|48.4
3481|-2.0|48.4
3482|-1.9|48.4
3483|-1.8|48.4
3484|-1.7|48.4
3485|-1.6|48.4
3486|-1.5|48.4
3487|-1.4|48.4
3488|-1.3|48.4
3489|-1.2|48.4
3490|-1.1|48.4
3491|-1.0|48.4
3492|-0.9|48.4
3493|-0.8|48.4
3494|-0.7|48.4
3495|-0.6|48.4
3496|-0.5|48.4
3497|-0.4|48.4
3498|-0.3|48.4
3499|-0.2|48.4
3500|-0.1|48.4
3501|-10.0|48.5
3502|-9.9|48.5
3503|-9.8|48.5
3504|-9.7|48.5
3505|-9.6|48.5
3506|-9.5|48.5
3507|-9.4|48.5
3508|-9.3|48.5
3509|-9.2|48.5
3510|-9.1|48.5
3511|-9.0|48.5
3512|-8.9|48.5
3513|-8.8|48.5
3514|-8.7|48.5
3515|-8.6|48.5
3516|-8.5|48.5
3517|-8.4|48.5
3518|-8.3|48.5
3519|-8.2|48.5
3520|-8.1|48.5
3521|-8.0|48.5
3522|-7.9|48.5
3523|-7.8|48.5
3524|-7.7|48.5
3525|-7.6|48.5
3526|-7.5|48.5
3527|-7.4|48.5
3528|-7.3|48.5
3529|-7.2|48.5
3530|-7.1|48.5
3531|-7.0|48.5
3532|-6.9|48.5
3533|-6.8|48.5
3534|-6.7|48.5
3535|-6.6|48.5
3536|-6.5|48.5
3537|-6.4|48.5
3538|-6.3|48.5
3539|-6.2|48.5
3540|-6.1|48.5
3541|-6.0|48.5
3542|-5.9|48.5
3543|-5.8|48.5
3544|-5.7|48.5
3545|-5.6|48.5
3546|-5.5|48.5
3547|-5.4|48.5
3548|-5.3|48.5
3549|-5.2|48.5
3550|-5.1|48.5
3551|-5.0|48.5
3552|-4.9|48.5
3553|-4.8|48.5
3554|-4.7|48.5
3555|-4.6|48.5
3556|-4.5|48.5
3557|-4.4|48.5
3558|-4.3|48.5
3559|-4.2|48.5
3560|-4.1|48.5
3561|-4.0|48.5
3562|-3.9|48.5
3563|-3.8|48.5
3564|-3.7|48.5
3565|-3.6|48.5
3566|-3.5|48.5
3567|-3.4|48.5
3568|-3.3|48.5
3569|-3.2|48.5
3570|-3.1|48.5
3571|-3.0|48.5
3572|-2.9|48.5
3573|-2.8|48.5
3574|-2.7|48.5
3575|-2.6|48.5
3576|-2.5|48.5
3577|-2.4|48.5
3578|-2.3|48.5
3579|-2.2|48.5
3580|-2.1|48.5
3581|-2.0|48.5
3582|-1.9|48.5
3583|-1.8|48.5
3584|-1.7|48.5
3585|-1.6|48.5
3586|-1.5|48.5
3587|-1.4|48.5
3588|-1.3|48.5
3589|-1.2|48.5
3590|-1.1|48.5
3591|-1.0|48.5
3592|-0.9|48.5
3593|-0.8|48.5
3594|-0.7|48.5
3595|-0.6|48.5
3596|-0.5|48.5
3597|-0.4|48.5
3598|-0.3|48.5
3599|-0.2|48.5
3600|-0.1|48.5
3601|-10.0|48.6
3602|-9.9|48.6
3603|-9.8|48.6
3604|-9.7|48.6
3605|-9.6|48.6
3606|-9.5|48.6
3607|-9.4|48.6
3608|-9.3|48.6
3609|-9.2|48.6
3610|-9.1|48.6
3611|-9.0|48.6
3612|-8.9|48.6
3613|-8.8|48.6
3614|-8.7|48.6
3615|-8.6|48.6
3616|-8.5|48.6
3617|-8.4|48.6
3618|-8.3|48.6
3619|-8.2|48.6
3620|-8.1|48.6
3621|-8.0|48.6
3622|-7.9|48.6
3623|-7.8|48.6
3624|-7.7|48.6
3625|-7.6|48.6
3626|-7.5|48.6
3627|-7.4|48.6
3628|-7.3|48.6
3629|-7.2|48.6
3630|-7.1|48.6
3631|-7.0|48.6
3632|-6.9|48.6
3633|-6.8|48.6
3634|-6.7|48.6
3635|-6.6|48.6
3636|-6.5|48.6
3637|-6.4|48.6
3638|-6.3|48.6
3639|-6.2|48.6
3640|-6.1|48.6
3641|-6.0|48.6
3642|-5.9|48.6
3643|-5.8|48.6
3644|-5.7|48.6
3645|-5.6|48.6
3646|-5.5|48.6
3647|-5.4|48.6
3648|-5.3|48.6
3649|-5.2|48.6
3650|-5.1|48.6
3651|-5.0|48.6
3652|-4.9|48.6
3653|-4.8|48.6
3654|-4.7|48.6
3655|-4.6|48.6
3656|-4.5|48.6
3657|-4.4|48.6
3658|-4.3|48.6
3659|-4.2|48.6
3660|-4.1|48.6
3661|-4.0|48.6
3662|-3.9|48.6
3663|-3.8|48.6
3664|-3.7|48.6
3665|-3.6|48.6
3666|-3.5|48.6
3667|-3.4|48.6
3668|-3.3|48.6
3669|-3.2|48.6
3670|-3.1|48.6
3671|-3.0|48.6
3672|-2.9|48.6
3673|-2.8|48.6
3674|-2.7|48.6
3675|-2.6|48.6
3676|-2.5|48.6
3677|-2.4|48.6
3678|-2.3|48.6
3679|-2.2|48.6
3680|-2.1|48.6
3681|-2.0|48.6
3682|-1.9|48.6
3683|-1.8|48.6
3684|-1.7|48.6
3685|-1.6|48.6
3686|-1.5|48.6
3687|-1.4|48.6
3688|-1.3|48.6
3689|-1.2|48.6
3690|-1.1|48.6
3691|-1.0|48.6
3692|-0.9|48.6
3693|-0.8|48.6
3694|-0.7|48.6
3695|-0.6|48.6
3696|-0.5|48.6
3697|-0.4|48.6
3698|-0.3|48.6
3699|-0.2|48.6
3700|-0.1|48.6
3701|-10.0|48.7
3702|-9.9|48.7
3703|-9.8|48.7
3704|-9.7|48.7
3705|-9.6|48.7
3706|-9.5|48.7
3707|-9.4|48.7
3708|-9.3|48.7
3709|-9.2|48.7
3710|-9.1|48.7
3711|-9.0|48.7
3712|-8.9|48.7
3713|-8.8|48.7
3714|-8.7|48.7
3715|-8.6|48.7
3716|-8.5|48.7
3717|-8.4|48.7
3718|-8.3|48.7
3719|-8.2|48.7
3720|-8.1|48.7
3721|-8.0|48.7
3722|-7.9|48.7
3723|-7.8|48.7
3724|-7.7|48.7
3725|-7.6|48.7
3726|-7.5|48.7
3727|-7.4|48.7
3728|-7.3|48.7
3729|-7.2|48.7
3730|-7.1|48.7
3731|-7.0|48.7
3732|-6.9|48.7
3733|-6.8|48.7
3734|-6.7|48.7
3735|-6.6|48.7
3736|-6.5|48.7
3737|-6.4|48.7
3738|-6.3|48.7
3739|-6.2|48.7
3740|-6.1|48.7
3741|-6.0|48.7
3742|-5.9|48.7
3743|-5.8|48.7
3744|-5.7|48.7
3745|-5.6|48.7
3746|-5.5|48.7
3747|-5.4|48.7
3748|-5.3|48.7
3749|-5.2|48.7
3750|-5.1|48.7
3751|-5.0|48.7
3752|-4.9|48.7
3753|-4.8|48.7
3754|-4.7|48.7
3755|-4.6|48.7
3756|-4.5|48.7
3757|-4.4|48.7
3758|-4.3|48.7
3759|-4.2|48.7
3760|-4.1|48.7
3761|-4.0|48.7
3762|-3.9|48.7
3763|-3.8|48.7
3764|-3.7|48.7
3765|-3.6|48.7
3766|-3.5|48.7
3767|-3.4|48.7
3768|-3.3|48.7
3769|-3.2|48.7
3770|-3.1|48.7
3771|-3.0|48.7
3772|-2.9|48.7
3773|-2.8|48.7
3774|-2.7|48.7
3775|-2.6|48.7
3776|-2.5|48.7
3777|-2.4|48.7
3778|-2.3|48.7
3779|-2.2|48.7
3780|-2.1|48.7
3781|-2.0|48.7
3782|-1.9|48.7
3783|-1.8|48.7
3784|-1.7|48.7
3785|-1.6|48.7
3786|-1.5|48.7
3787|-1.4|48.7
3788|-1.3|48.7
3789|-1.2|48.7
3790|-1.1|48.7
3791|-1.0|48.7
3792|-0.9|48.7
3793|-0.8|48.7
3794|-0.7|48.7
3795|-0.6|48.7
3796|-0.5|48.7
3797|-0.4|48.7
3798|-0.3|48.7
3799|-0.2|48.7
3800|-0.1|48.7
3801|-10.0|48.8
3802|-9.9|48.8
3803|-9.8|48.8
3804|-9.7|48.8
3805|-9.6|48.8
3806|-9.5|48.8
3807|-9.4|48.8
3808|-9.3|48.8
3809|-9.2|48.8
3810|-9.1|48.8
3811|-9.0|48.8
3812|-8.9|48.8
3813|-8.8|48.8
3814|-8.7|48.8
3815|-8.6|48.8
3816|-8.5|48.8
3817|-8.4|48.8
3818|-8.3|48.8
3819|-8.2|48.8
3820|-8.1|48.8
3821|-8.0|48.8
3822|-7.9|48.8
3823|-7.8|48.8
3824|-7.7|48.8
3825|-7.6|48.8
3826|-7.5|48.8
3827|-7.4|48.8
3828|-7.3|48.8
3829|-7.2|48.8
3830|-7.1|48.8
3831|-7.0|48.8
3832|-6.9|48.8
3833|-6.8|48.8
3834|-6.7|48.8
3835|-6.6|48.8
3836|-6.5|48.8
3837|-6.4|48.8
3838|-6.3|48.8
3839|-6.2|48.8
3840|-6.1|48.8
3841|-6.0|48.8
3842|-5.9|48.8
3843|-5.8|48.8
3844|-5.7|48.8
3845|-5.6|48.8
3846|-5.5|48.8
3847|-5.4|48.8
3848|-5.3|48.8
3849|-5.2|48.8
3850|-5.1|48.8
3851|-5.0|48.8
3852|-4.9|48.8
3853|-4.8|48.8
3854|-4.7|48.8
3855|-4.6|48.8
3856|-4.5|48.8
3857|-4.4|48.8
3858|-4.3|48.8
3859|-4.2|48.8
3860|-4.1|48.8
3861|-4.0|48.8
3862|-3.9|48.8
3863|-3.8|48.8
3864|-3.7|48.8
3865|-3.6|48.8
3866|-3.5|48.8
3867|-3.4|48.8
3868|-3.3|48.8
3869|-3.2|48.8
3870|-3.1|48.8
3871|-3.0|48.8
3872|-2.9|48.8
3873|-2.8|48.8
3874|-2.7|48.8
3875|-2.6|48.8
3876|-2.5|48.8
3877|-2.4|48.8
3878|-2.3|48.8
3879|-2.2|48.8
3880|-2.1|48.8
3881|-2.0|48.8
3882|-1.9|48.8
3883|-1.8|48.8
3884|-1.7|48.8
3885|-1.6|48.8
3886|-1.5|48.8
3887|-1.4|48.8
3888|-1.3|48.8
3889|-1.2|48.8
3890|-1.1|48.8
3891|-1.0|48.8
3892|-0.9|48.8
3893|-0.8|48.8
3894|-0.7|48.8
3895|-0.6|48.8
3896|-0.5|48.8
3897|-0.4|48.8
3898|-0.3|48.8
3899|-0.2|48.8
3900|-0.1|48.8
3901|-10.0|48.9
3902|-9.9|48.9
3903|-9.8|48.9
3904|-9.7|48.9
3905|-9.6|48.9
3906|-9.5|48.9
3907|-9.4|48.9
3908|-9.3|48.9
3909|-9.2|48.9
3910|-9.1|48.9
3911|-9.0|48.9
3912|-8.9|48.9
3913|-8.8|48.9
3914|-8.7|48.9
3915|-8.6|48.9
3916|-8.5|48.9
3917|-8.4|48.9
3918|-8.3|48.9
3919|-8.2|48.9
3920|-8.1|48.9
3921|-8.0|48.9
3922|-7.9|48.9
3923|-7.8|48.9
3924|-7.7|48.9
3925|-7.6|48.9
3926|-7.5|48.9
3927|-7.4|48.9
3928|-7.3|48.9
3929|-7.2|48.9
3930|-7.1|48.9
3931|-7.0|48.9
3932|-6.9|48.9
3933|-6.8|48.9
3934|-6.7|48.9
3935|-6.6|48.9
3936|-6.5|48.9
3937|-6.4|48.9
3938|-6.3|48.9
3939|-6.2|48.9
3940|-6.1|48.9
3941|-6.0|48.9
3942|-5.9|48.9
3943|-5.8|48.9
3944|-5.7|48.9
3945|-5.6|48.9
3946|-5.5|48.9
3947|-5.4|48.9
3948|-5.3|48.9
3949|-5.2|48.9
3950|-5.1|48.9
3951|-5.0|48.9
3952|-4.9|48.9
3953|-4.8|48.9
3954|-4.7|48.9
3955|-4.6|48.9
3956|-4.5|48.9
3957|-4.4|48.9
3958|-4.3|48.9
3959|-4.2|48.9
3960|-4.1|48.9
3961|-4.0|48.9
3962|-3.9|48.9
3963|-3.8|48.9
3964|-3.7|48.9
3965|-3.6|48.9
3966|-3.5|48.9
3967|-3.4|48.9
3968|-3.3|48.9
3969|-3.2|48.9
3970|-3.1|48.9
3971|-3.0|48.9
3972|-2.9|48.9
3973|-2.8|48.9
3974|-2.7|48.9
3975|-2.6|48.9
3976|-2.5|48.9
3977|-2.4|48.9
3978|-2.3|48.9
3979|-2.2|48.9
3980|-2.1|48.9
3981|-2.0|48.9
3982|-1.9|48.9
3983|-1.8|48.9
3984|-1.7|48.9
3985|-1.6|48.9
3986|-1.5|48.9
3987|-1.4|48.9
3988|-1.3|48.9
3989|-1.2|48.9
3990|-1.1|48.9
3991|-1.0|48.9
3992|-0.9|48.9
3993|-0.8|48.9
3994|-0.7|48.9
3995|-0.6|48.9
3996|-0.5|48.9
3997|-0.4|48.9
3998|-0.3|48.9
3999|-0.2|48.9
4000|-0.1|48.9
4001|-10.0|49.0
4002|-9.9|49.0
4003|-9.8|49.0
4004|-9.7|49.0
4005|-9.6|49.0
4006|-9.5|49.0
4007|-9.4|49.0
4008|-9.3|49.0
4009|-9.2|49.0
4010|-9.1|49.0
4011|-9.0|49.0
4012|-8.9|49.0
4013|-8.8|49.0
4014|-8.7|49.0
4015|-8.6|49.0
4016|-8.5|49.0
4017|-8.4|49.0
4018|-8.3|49.0
4019|-8.2|49.0
4020|-8.1|49.0
4021|-8.0|49.0
4022|-7.9|49.0
4023|-7.8|49.0
4024|-7.7|49.0
4025|-7.6|49.0
4026|-7.5|49.0
4027|-7.4|49.0
4028|-7.3|49.0
4029|-7.2|49.0
4030|-7.1|49.0
4031|-7.0|49.0
4032|-6.9|49.0
4033|-6.8|49.0
4034|-6.7|49.0
4035|-6.6|49.0
4036|-6.5|49.0
4037|-6.4|49.0
4038|-6.3|49.0
4039|-6.2|49.0
4040|-6.1|49.0
4041|-6.0|49.0
4042|-5.9|49.0
4043|-5.8|49.0
4044|-5.7|49.0
4045|-5.6|49.0
4046|-5.5|49.0
4047|-5.4|49.0
4048|-5.3|49.0
4049|-5.2|49.0
4050|-5.1|49.0
4051|-5.0|49.0
4052|-4.9|49.0
4053|-4.8|49.0
4054|-4.7|49.0
4055|-4.6|49.0
4056|-4.5|49.0
4057|-4.4|49.0
4058|-4.3|49.0
4059|-4.2|49.0
4060|-4.1|49.0
4061|-4.0|49.0
4062|-3.9|49.0
4063|-3.8|49.0
4064|-3.7|49.0
4065|-3.6|49.0
4066|-3.5|49.0
4067|-3.4|49.0
4068|-3.3|49.0
4069|-3.2|49.0
4070|-3.1|49.0
4071|-3.0|49.0
4072|-2.9|49.0
4073|-2.8|49.0
4074|-2.7|49.0
4075|-2.6|49.0
4076|-2.5|49.0
4077|-2.4|49.0
4078|-2.3|49.0
4079|-2.2|49.0
4080|-2.1|49.0
4081|-2.0|49.0
4082|-1.9|49.0
4083|-1.8|49.0
4084|-1.7|49.0
4085|-1.6|49.0
4086|-1.5|49.0
4087|-1.4|49.0
4088|-1.3|49.0
4089|-1.2|49.0
4090|-1.1|49.0
4091|-1.0|49.0
4092|-0.9|49.0
4093|-0.8|49.0
4094|-0.7|49.0
4095|-0.6|49.0
4096|-0.5|49.0
4097|-0.4|49.0
4098|-0.3|49.0
4099|-0.2|49.0
4100|-0.1|49.0
4101|-10.0|49.1
4102|-9.9|49.1
4103|-9.8|49.1
4104|-9.7|49.1
4105|-9.6|49.1
4106|-9.5|49.1
4107|-9.4|49.1
4108|-9.3|49.1
4109|-9.2|49.1
4110|-9.1|49.1
4111|-9.0|49.1
4112|-8.9|49.1
4113|-8.8|49.1
4114|-8.7|49.1
4115|-8.6|49.1
4116|-8.5|49.1
4117|-8.4|49.1
4118|-8.3|49.1
4119|-8.2|49.1
4120|-8.1|49.1
4121|-8.0|49.1
4122|-7.9|49.1
4123|-7.8|49.1
4124|-7.7|49.1
4125|-7.6|49.1
4126|-7.5|49.1
4127|-7.4|49.1
4128|-7.3|49.1
4129|-7.2|49.1
4130|-7.1|49.1
4131|-7.0|49.1
4132|-6.9|49.1
4133|-6.8|49.1
4134|-6.7|49.1
4135|-6.6|49.1
4136|-6.5|49.1
4137|-6.4|49.1
4138|-6.3|49.1
4139|-6.2|49.1
4140|-6.1|49.1
4141|-6.0|49.1
4142|-5.9|49.1
4143|-5.8|49.1
4144|-5.7|49.1
4145|-5.6|49.1
4146|-5.5|49.1
4147|-5.4|49.1
4148|-5.3|49.1
4149|-5.2|49.1
4150|-5.1|49.1
4151|-5.0|49.1
4152|-4.9|49.1
4153|-4.8|49.1
4154|-4.7|49.1
4155|-4.6|49.1
4156|-4.5|49.1
4157|-4.4|49.1
4158|-4.3|49.1
4159|-4.2|49.1
4160|-4.1|49.1
4161|-4.0|49.1
4162|-3.9|49.1
4163|-3.8|49.1
4164|-3.7|49.1
4165|-3.6|49.1
4166|-3.5|49.1
4167|-3.4|49.1
4168|-3.3|49.1
4169|-3.2|49.1
4170|-3.1|49.1
4171|-3.0|49.1
4172|-2.9|49.1
4173|-2.8|49.1
4174|-2.7|49.1
4175|-2.6|49.1
4176|-2.5|49.1
4177|-2.4|49.1
4178|-2.3|49.1
4179|-2.2|49.1
4180|-2.1|49.1
4181|-2.0|49.1
4182|-1.9|49.1
4183|-1.8|49.1
4184|-1.7|49.1
4185|-1.6|49.1
4186|-1.5|49.1
4187|-1.4|49.1
4188|-1.3|49.1
4189|-1.2|49.1
4190|-1.1|49.1
4191|-1.0|49.1
4192|-0.9|49.1
4193|-0.8|49.1
4194|-0.7|49.1
4195|-0.6|49.1
4196|-0.5|49.1
4197|-0.4|49.1
4198|-0.3|49.1
4199|-0.2|49.1
4200|-0.1|49.1
4201|-10.0|49.2
4202|-9.9|49.2
4203|-9.8|49.2
4204|-9.7|49.2
4205|-9.6|49.2
4206|-9.5|49.2
4207|-9.4|49.2
4208|-9.3|49.2
4209|-9.2|49.2
4210|-9.1|49.2
4211|-9.0|49.2
4212|-8.9|49.2
4213|-8.8|49.2
4214|-8.7|49.2
4215|-8.6|49.2
4216|-8.5|49.2
4217|-8.4|49.2
4218|-8.3|49.2
4219|-8.2|49.2
4220|-8.1|49.2
4221|-8.0|49.2
4222|-7.9|49.2
4223|-7.8|49.2
4224|-7.7|49.2
4225|-7.6|49.2
4226|-7.5|49.2
4227|-7.4|49.2
4228|-7.3|49.2
4229|-7.2|49.2
4230|-7.1|49.2
4231|-7.0|49.2
4232|-6.9|49.2
4233|-6.8|49.2
4234|-6.7|49.2
4235|-6.6|49.2
4236|-6.5|49.2
4237|-6.4|49.2
4238|-6.3|49.2
4239|-6.2|49.2
4240|-6.1|49.2
4241|-6.0|49.2
4242|-5.9|49.2
4243|-5.8|49.2
4244|-5.7|49.2
4245|-5.6|49.2
4246|-5.5|49.2
4247|-5.4|49.2
4248|-5.3|49.2
4249|-5.2|49.2
4250|-5.1|49.2
4251|-5.0|49.2
4252|-4.9|49.2
4253|-4.8|49.2
4254|-4.7|49.2
4255|-4.6|49.2
4256|-4.5|49.2
4257|-4.4|49.2
4258|-4.3|49.2
4259|-4.2|49.2
4260|-4.1|49.2
4261|-4.0|49.2
4262|-3.9|49.2
4263|-3.8|49.2
4264|-3.7|49.2
4265|-3.6|49.2
4266|-3.5|49.2
4267|-3.4|49.2
4268|-3.3|49.2
4269|-3.2|49.2
4270|-3.1|49.2
4271|-3.0|49.2
4272|-2.9|49.2
4273|-2.8|49.2
4274|-2.7|49.2
4275|-2.6|49.2
4276|-2.5|49.2
4277|-2.4|49.2
4278|-2.3|49.2
4279|-2.2|49.2
4280|-2.1|49.2
4281|-2.0|49.2
4282|-1.9|49.2
4283|-1.8|49.2
4284|-1.7|49.2
4285|-1.6|49.2
4286|-1.5|49.2
4287|-1.4|49.2
4288|-1.3|49.2
4289|-1.2|49.2
4290|-1.1|49.2
4291|-1.0|49.2
4292|-0.9|49.2
4293|-0.8|49.2
4294|-0.7|49.2
4295|-0.6|49.2
4296|-0.5|49.2
4297|-0.4|49.2
4298|-0.3|49.2
4299|-0.2|49.2
4300|-0.1|49.2
4301|-10.0|49.3
4302|-9.9|49.3
4303|-9.8|49.3
4304|-9.7|49.3
4305|-9.6|49.3
4306|-9.5|49.3
4307|-9.4|49.3
4308|-9.3|49.3
4309|-9.2|49.3
4310|-9.1|49.3
4311|-9.0|49.3
4312|-8.9|49.3
4313|-8.8|49.3
4314|-8.7|49.3
4315|-8.6|49.3
4316|-8.5|49.3
4317|-8.4|49.3
4318|-8.3|49.3
4319|-8.2|49.3
4320|-8.1|49.3
4321|-8.0|49.3
4322|-7.9|49.3
4323|-7.8|49.3
4324|-7.7|49.3
4325|-7.6|49.3
4326|-7.5|49.3
4327|-7.4|49.3
4328|-7.3|49.3
4329|-7.2|49.3
4330|-7.1|49.3
4331|-7.0|49.3
4332|-6.9|49.3
4333|-6.8|49.3
4334|-6.7|49.3
4335|-6.6|49.3
4336|-6.5|49.3
4337|-6.4|49.3
4338|-6.3|49.3
4339|-6.2|49.3
4340|-6.1|49.3
4341|-6.0|49.3
4342|-5.9|49.3
4343|-5.8|49.3
4344|-5.7|49.3
4345|-5.6|49.3
4346|-5.5|49.3
4347|-5.4|49.3
4348|-5.3|49.3
4349|-5.2|49.3
4350|-5.1|49.3
4351|-5.0|49.3
4352|-4.9|49.3
4353|-4.8|49.3
4354|-4.7|49.3
4355|-4.6|49.3
4356|-4.5|49.3
4357|-4.4|49.3
4358|-4.3|49.3
4359|-4.2|49.3
4360|-4.1|49.3
4361|-4.0|49.3
4362|-3.9|49.3
4363|-3.8|49.3
4364|-3.7|49.3
4365|-3.6|49.3
4366|-3.5|49.3
4367|-3.4|49.3
4368|-3.3|49.3
4369|-3.2|49.3
4370|-3.1|49.3
4371|-3.0|49.3
4372|-2.9|49.3
4373|-2.8|49.3
4374|-2.7|49.3
4375|-2.6|49.3
4376|-2.5|49.3
4377|-2.4|49.3
4378|-2.3|49.3
4379|-2.2|49.3
4380|-2.1|49.3
4381|-2.0|49.3
4382|-1.9|49.3
4383|-1.8|49.3
4384|-1.7|49.3
4385|-1.6|49.3
4386|-1.5|49.3
4387|-1.4|49.3
4388|-1.3|49.3
4389|-1.2|49.3
4390|-1.1|49.3
4391|-1.0|49.3
4392|-0.9|49.3
4393|-0.8|49.3
4394|-0.7|49.3
4395|-0.6|49.3
4396|-0.5|49.3
4397|-0.4|49.3
4398|-0.3|49.3
4399|-0.2|49.3
4400|-0.1|49.3
4401|-10.0|49.4
4402|-9.9|49.4
4403|-9.8|49.4
4404|-9.7|49.4
4405|-9.6|49.4
4406|-9.5|49.4
4407|-9.4|49.4
4408|-9.3|49.4
4409|-9.2|49.4
4410|-9.1|49.4
4411|-9.0|49.4
4412|-8.9|49.4
4413|-8.8|49.4
4414|-8.7|49.4
4415|-8.6|49.4
4416|-8.5|49.4
4417|-8.4|49.4
4418|-8.3|49.4
4419|-8.2|49.4
4420|-8.1|49.4
4421|-8.0|49.4
4422|-7.9|49.4
4423|-7.8|49.4
4424|-7.7|49.4
4425|-7.6|49.4
4426|-7.5|49.4
4427|-7.4|49.4
4428|-7.3|49.4
4429|-7.2|49.4
4430|-7.1|49.4
4431|-7.0|49.4
4432|-6.9|49.4
4433|-6.8|49.4
4434|-6.7|49.4
4435|-6.6|49.4
4436|-6.5|49.4
4437|-6.4|49.4
4438|-6.3|49.4
4439|-6.2|49.4
4440|-6.1|49.4
4441|-6.0|49.4
4442|-5.9|49.4
4443|-5.8|49.4
4444|-5.7|49.4
4445|-5.6|49.4
4446|-5.5|49.4
4447|-5.4|49.4
4448|-5.3|49.4
4449|-5.2|49.4
4450|-5.1|49.4
4451|-5.0|49.4
4452|-4.9|49.4
4453|-4.8|49.4
4454|-4.7|49.4
4455|-4.6|49.4
4456|-4.5|49.4
4457|-4.4|49.4
4458|-4.3|49.4
4459|-4.2|49.4
4460|-4.1|49.4
4461|-4.0|49.4
4462|-3.9|49.4
4463|-3.8|49.4
4464|-3.7|49.4
4465|-3.6|49.4
4466|-3.5|49.4
4467|-3.4|49.4
4468|-3.3|49.4
4469|-3.2|49.4
4470|-3.1|49.4
4471|-3.0|49.4
4472|-2.9|49.4
4473|-2.8|49.4
4474|-2.7|49.4
4475|-2.6|49.4
4476|-2.5|49.4
4477|-2.4|49.4
4478|-2.3|49.4
4479|-2.2|49.4
4480|-2.1|49.4
4481|-2.0|49.4
4482|-1.9|49.4
4483|-1.8|49.4
4484|-1.7|49.4
4485|-1.6|49.4
4486|-1.5|49.4
4487|-1.4|49.4
4488|-1.3|49.4
4489|-1.2|49.4
4490|-1.1|49.4
4491|-1.0|49.4
4492|-0.9|49.4
4493|-0.8|49.4
4494|-0.7|49.4
4495|-0.6|49.4
4496|-0.5|49.4
4497|-0.4|49.4
4498|-0.3|49.4
4499|-0.2|49.4
4500|-0.1|49.4
4501|-10.0|49.5
4502|-9.9|49.5
4503|-9.8|49.5
4504|-9.7|49.5
4505|-9.6|49.5
4506|-9.5|49.5
4507|-9.4|49.5
4508|-9.3|49.5
4509|-9.2|49.5
4510|-9.1|49.5
4511|-9.0|49.5
4512|-8.9|49.5
4513|-8.8|49.5
4514|-8.7|49.5
4515|-8.6|49.5
4516|-8.5|49.5
4517|-8.4|49.5
4518|-8.3|49.5
4519|-8.2|49.5
4520|-8.1|49.5
4521|-8.0|49.5
4522|-7.9|49.5
4523|-7.8|49.5
4524|-7.7|49.5
4525|-7.6|49.5
4526|-7.5|49.5
4527|-7.4|49.5
4528|-7.3|49.5
4529|-7.2|49.5
4530|-7.1|49.5
4531|-7.0|49.5
4532|-6.9|49.5
4533|-6.8|49.5
4534|-6.7|49.5
4535|-6.6|49.5
4536|-6.5|49.5
4537|-6.4|49.5
4538|-6.3|49.5
4539|-6.2|49.5
4540|-6.1|49.5
4541|-6.0|49.5
4542|-5.9|49.5
4543|-5.8|49.5
4544|-5.7|49.5
4545|-5.6|49.5
4546|-5.5|49.5
4547|-5.4|49.5
4548|-5.3|49.5
4549|-5.2|49.5
4550|-5.1|49.5
4551|-5.0|49.5
4552|-4.9|49.5
4553|-4.8|49.5
4554|-4.7|49.5
4555|-4.6|49.5
4556|-4.5|49.5
4557|-4.4|49.5
4558|-4.3|49.5
4559|-4.2|49.5
4560|-4.1|49.5
4561|-4.0|49.5
4562|-3.9|49.5
4563|-3.8|49.5
4564|-3.7|49.5
4565|-3.6|49.5
4566|-3.5|49.5
4567|-3.4|49.5
4568|-3.3|49.5
4569|-3.2|49.5
4570|-3.1|49.5
4571|-3.0|49.5
4572|-2.9|49.5
4573|-2.8|49.5
4574|-2.7|49.5
4575|-2.6|49.5
4576|-2.5|49.5
4577|-2.4|49.5
4578|-2.3|49.5
4579|-2.2|49.5
4580|-2.1|49.5
4581|-2.0|49.5
4582|-1.9|49.5
4583|-1.8|49.5
4584|-1.7|49.5
4585|-1.6|49.5
4586|-1.5|49.5
4587|-1.4|49.5
4588|-1.3|49.5
4589|-1.2|49.5
4590|-1.1|49.5
4591|-1.0|49.5
4592|-0.9|49.5
4593|-0.8|49.5
4594|-0.7|49.5
4595|-0.6|49.5
4596|-0.5|49.5
4597|-0.4|49.5
4598|-0.3|49.5
4599|-0.2|49.5
4600|-0.1|49.5
4601|-10.0|49.6
4602|-9.9|49.6
4603|-9.8|49.6
4604|-9.7|49.6
4605|-9.6|49.6
4606|-9.5|49.6
4607|-9.4|49.6
4608|-9.3|49.6
4609|-9.2|49.6
4610|-9.1|49.6
4611|-9.0|49.6
4612|-8.9|49.6
4613|-8.8|49.6
4614|-8.7|49.6
4615|-8.6|49.6
4616|-8.5|49.6
4617|-8.4|49.6
4618|-8.3|49.6
4619|-8.2|49.6
4620|-8.1|49.6
4621|-8.0|49.6
4622|-7.9|49.6
4623|-7.8|49.6
4624|-7.7|49.6
4625|-7.6|49.6
4626|-7.5|49.6
4627|-7.4|49.6
4628|-7.3|49.6
4629|-7.2|49.6
4630|-7.1|49.6
4631|-7.0|49.6
4632|-6.9|49.6
4633|-6.8|49.6
4634|-6.7|49.6
4635|-6.6|49.6
4636|-6.5|49.6
4637|-6.4|49.6
4638|-6.3|49.6
4639|-6.2|49.6
4640|-6.1|49.6
4641|-6.0|49.6
4642|-5.9|49.6
4643|-5.8|49.6
4644|-5.7|49.6
4645|-5.6|49.6
4646|-5.5|49.6
4647|-5.4|49.6
4648|-5.3|49.6
4649|-5.2|49.6
4650|-5.1|49.6
4651|-5.0|49.6
4652|-4.9|49.6
4653|-4.8|49.6
4654|-4.7|49.6
4655|-4.6|49.6
4656|-4.5|49.6
4657|-4.4|49.6
4658|-4.3|49.6
4659|-4.2|49.6
4660|-4.1|49.6
4661|-4.0|49.6
4662|-3.9|49.6
4663|-3.8|49.6
4664|-3.7|49.6
4665|-3.6|49.6
4666|-3.5|49.6
4667|-3.4|49.6
4668|-3.3|49.6
4669|-3.2|49.6
4670|-3.1|49.6
4671|-3.0|49.6
4672|-2.9|49.6
4673|-2.8|49.6
4674|-2.7|49.6
4675|-2.6|49.6
4676|-2.5|49.6
4677|-2.4|49.6
4678|-2.3|49.6
4679|-2.2|49.6
4680|-2.1|49.6
4681|-2.0|49.6
4682|-1.9|49.6
4683|-1.8|49.6
4684|-1.7|49.6
4685|-1.6|49.6
4686|-1.5|49.6
4687|-1.4|49.6
4688|-1.3|49.6
4689|-1.2|49.6
4690|-1.1|49.6
4691|-1.0|49.6
4692|-0.9|49.6
4693|-0.8|49.6
4694|-0.7|49.6
4695|-0.6|49.6
4696|-0.5|49.6
4697|-0.4|49.6
4698|-0.3|49.6
4699|-0.2|49.6
4700|-0.1|49.6
4701|-10.0|49.7
4702|-9.9|49.7
4703|-9.8|49.7
4704|-9.7|49.7
4705|-9.6|49.7
4706|-9.5|49.7
4707|-9.4|49.7
4708|-9.3|49.7
4709|-9.2|49.7
4710|-9.1|49.7
4711|-9.0|49.7
4712|-8.9|49.7
4713|-8.8|49.7
4714|-8.7|49.7
4715|-8.6|49.7
4716|-8.5|49.7
4717|-8.4|49.7
4718|-8.3|49.7
4719|-8.2|49.7
4720|-8.1|49.7
4721|-8.0|49.7
4722|-7.9|49.7
4723|-7.8|49.7
4724|-7.7|49.7
4725|-7.6|49.7
4726|-7.5|49.7
4727|-7.4|49.7
4728|-7.3|49.7
4729|-7.2|49.7
4730|-7.1|49.7
4731|-7.0|49.7
4732|-6.9|49.7
4733|-6.8|49.7
4734|-6.7|49.7
4735|-6.6|49.7
4736|-6.5|49.7
4737|-6.4|49.7
4738|-6.3|49.7
4739|-6.2|49.7
4740|-6.1|49.7
4741|-6.0|49.7
4742|-5.9|49.7
4743|-5.8|49.7
4744|-5.7|49.7
4745|-5.6|49.7
4746|-5.5|49.7
4747|-5.4|49.7
4748|-5.3|49.7
4749|-5.2|49.7
4750|-5.1|49.7
4751|-5.0|49.7
4752|-4.9|49.7
4753|-4.8|49.7
4754|-4.7|49.7
4755|-4.6|49.7
4756|-4.5|49.7
4757|-4.4|49.7
4758|-4.3|49.7
4759|-4.2|49.7
4760|-4.1|49.7
4761|-4.0|49.7
4762|-3.9|49.7
4763|-3.8|49.7
4764|-3.7|49.7
4765|-3.6|49.7
4766|-3.5|49.7
4767|-3.4|49.7
4768|-3.3|49.7
4769|-3.2|49.7
4770|-3.1|49.7
4771|-3.0|49.7
4772|-2.9|49.7
4773|-2.8|49.7
4774|-2.7|49.7
4775|-2.6|49.7
4776|-2.5|49.7
4777|-2.4|49.7
4778|-2.3|49.7
4779|-2.2|49.7
4780|-2.1|49.7
4781|-2.0|49.7
4782|-1.9|49.7
4783|-1.8|49.7
4784|-1.7|49.7
4785|-1.6|49.7
4786|-1.5|49.7
4787|-1.4|49.7
4788|-1.3|49.7
4789|-1.2|49.7
4790|-1.1|49.7
4791|-1.0|49.7
4792|-0.9|49.7
4793|-0.8|49.7
4794|-0.7|49.7
4795|-0.6|49.7
4796|-0.5|49.7
4797|-0.4|49.7
4798|-0.3|49.7
4799|-0.2|49.7
4800|-0.1|49.7
4801|-10.0|49.8
4802|-9.9|49.8
4803|-9.8|49.8
4804|-9.7|49.8
4805|-9.6|49.8
4806|-9.5|49.8
4807|-9.4|49.8
4808|-9.3|49.8
4809|-9.2|49.8
4810|-9.1|49.8
4811|-9.0|49.8
4812|-8.9|49.8
4813|-8.8|49.8
4814|-8.7|49.8
4815|-8.6|49.8
4816|-8.5|49.8
4817|-8.4|49.8
4818|-8.3|49.8
4819|-8.2|49.8
4820|-8.1|49.8
4821|-8.0|49.8
4822|-7.9|49.8
4823|-7.8|49.8
4824|-7.7|49.8
4825|-7.6|49.8
4826|-7.5|49.8
4827|-7.4|49.8
4828|-7.3|49.8
4829|-7.2|49.8
4830|-7.1|49.8
4831|-7.0|49.8
4832|-6.9|49.8
4833|-6.8|49.8
4834|-6.7|49.8
4835|-6.6|49.8
4836|-6.5|49.8
4837|-6.4|49.8
4838|-6.3|49.8
4839|-6.2|49.8
4840|-6.1|49.8
4841|-6.0|49.8
4842|-5.9|49.8
4843|-5.8|49.8
4844|-5.7|49.8
4845|-5.6|49.8
4846|-5.5|49.8
4847|-5.4|49.8
4848|-5.3|49.8
4849|-5.2|49.8
4850|-5.1|49.8
4851|-5.0|49.8
4852|-4.9|49.8
4853|-4.8|49.8
4854|-4.7|49.8
4855|-4.6|49.8
4856|-4.5|49.8
4857|-4.4|49.8
4858|-4.3|49.8
4859|-4.2|49.8
4860|-4.1|49.8
4861|-4.0|49.8
4862|-3.9|49.8
4863|-3.8|49.8
4864|-3.7|49.8
4865|-3.6|49.8
4866|-3.5|49.8
4867|-3.4|49.8
4868|-3.3|49.8
4869|-3.2|49.8
4870|-3.1|49.8
4871|-3.0|49.8
4872|-2.9|49.8
4873|-2.8|49.8
4874|-2.7|49.8
4875|-2.6|49.8
4876|-2.5|49.8
4877|-2.4|49.8
4878|-2.3|49.8
4879|-2.2|49.8
4880|-2.1|49.8
4881|-2.0|49.8
4882|-1.9|49.8
4883|-1.8|49.8
4884|-1.7|49.8
4885|-1.6|49.8
4886|-1.5|49.8
4887|-1.4|49.8
4888|-1.3|49.8
4889|-1.2|49.8
4890|-1.1|49.8
4891|-1.0|49.8
4892|-0.9|49.8
4893|-0.8|49.8
4894|-0.7|49.8
4895|-0.6|49.8
4896|-0.5|49.8
4897|-0.4|49.8
4898|-0.3|49.8
4899|-0.2|49.8
4900|-0.1|49.8
4901|-10.0|49.9
4902|-9.9|49.9
4903|-9.8|49.9
4904|-9.7|49.9
4905|-9.6|49.9
4906|-9.5|49.9
4907|-9.4|49.9
4908|-9.3|49.9
4909|-9.2|49.9
4910|-9.1|49.9
4911|-9.0|49.9
4912|-8.9|49.9
4913|-8.8|49.9
4914|-8.7|49.9
4915|-8.6|49.9
4916|-8.5|49.9
4917|-8.4|49.9
4918|-8.3|49.9
4919|-8.2|49.9
4920|-8.1|49.9
4921|-8.0|49.9
4922|-7.9|49.9
4923|-7.8|49.9
4924|-7.7|49.9
4925|-7.6|49.9
4926|-7.5|49.9
4927|-7.4|49.9
4928|-7.3|49.9
4929|-7.2|49.9
4930|-7.1|49.9
4931|-7.0|49.9
4932|-6.9|49.9
4933|-6.8|49.9
4934|-6.7|49.9
4935|-6.6|49.9
4936|-6.5|49.9
4937|-6.4|49.9
4938|-6.3|49.9
4939|-6.2|49.9
4940|-6.1|49.9
4941|-6.0|49.9
4942|-5.9|49.9
4943|-5.8|49.9
4944|-5.7|49.9
4945|-5.6|49.9
4946|-5.5|49.9
4947|-5.4|49.9
4948|-5.3|49.9
4949|-5.2|49.9
4950|-5.1|49.9
4951|-5.0|49.9
4952|-4.9|49.9
4953|-4.8|49.9
4954|-4.7|49.9
4955|-4.6|49.9
4956|-4.5|49.9
4957|-4.4|49.9
4958|-4.3|49.9
4959|-4.2|49.9
4960|-4.1|49.9
4961|-4.0|49.9
4962|-3.9|49.9
4963|-3.8|49.9
4964|-3.7|49.9
4965|-3.6|49.9
4966|-3.5|49.9
4967|-3.4|49.9
4968|-3.3|49.9
4969|-3.2|49.9
4970|-3.1|49.9
4971|-3.0|49.9
4972|-2.9|49.9
4973|-2.8|49.9
4974|-2.7|49.9
4975|-2.6|49.9
4976|-2.5|49.9
4977|-2.4|49.9
4978|-2.3|49.9
4979|-2.2|49.9
4980|-2.1|49.9
4981|-2.0|49.9
4982|-1.9|49.9
4983|-1.8|49.9
4984|-1.7|49.9
4985|-1.6|49.9
4986|-1.5|49.9
4987|-1.4|49.9
4988|-1.3|49.9
4989|-1.2|49.9
4990|-1.1|49.9
4991|-1.0|49.9
4992|-0.9|49.9
4993|-0.8|49.9
4994|-0.7|49.9
4995|-0.6|49.9
4996|-0.5|49.9
4997|-0.4|49.9
4998|-0.3|49.9
4999|-0.2|49.9
5000|-0.1|49.9
5001|-10.0|50.0
5002|-9.9|50.0
5003|-9.8|50.0
5004|-9.7|50.0
5005|-9.6|50.0
5006|-9.5|50.0
5007|-9.4|50.0
5008|-9.3|50.0
5009|-9.2|50.0
5010|-9.1|50.0
5011|-9.0|50.0
5012|-8.9|50.0
5013|-8.8|50.0
5014|-8.7|50.0
5015|-8.6|50.0
5016|-8.5|50.0
5017|-8.4|50.0
5018|-8.3|50.0
5019|-8.2|50.0
5020|-8.1|50.0
5021|-8.0|50.0
5022|-7.9|50.0
5023|-7.8|50.0
5024|-7.7|50.0
5025|-7.6|50.0
5026|-7.5|50.0
5027|-7.4|50.0
5028|-7.3|50.0
5029|-7.2|50.0
5030|-7.1|50.0
5031|-7.0|50.0
5032|-6.9|50.0
5033|-6.8|50.0
5034|-6.7|50.0
5035|-6.6|50.0
5036|-6.5|50.0
5037|-6.4|50.0
5038|-6.3|50.0
5039|-6.2|50.0
5040|-6.1|50.0
5041|-6.0|50.0
5042|-5.9|50.0
5043|-5.8|50.0
5044|-5.7|50.0
5045|-5.6|50.0
5046|-5.5|50.0
5047|-5.4|50.0
5048|-5.3|50.0
5049|-5.2|50.0
5050|-5.1|50.0
5051|-5.0|50.0
5052|-4.9|50.0
5053|-4.8|50.0
5054|-4.7|50.0
5055|-4.6|50.0
5056|-4.5|50.0
5057|-4.4|50.0
5058|-4.3|50.0
5059|-4.2|50.0
5060|-4.1|50.0
5061|-4.0|50.0
5062|-3.9|50.0
5063|-3.8|50.0
5064|-3.7|50.0
5065|-3.6|50.0
5066|-3.5|50.0
5067|-3.4|50.0
5068|-3.3|50.0
5069|-3.2|50.0
5070|-3.1|50.0
5071|-3.0|50.0
5072|-2.9|50.0
5073|-2.8|50.0
5074|-2.7|50.0
5075|-2.6|50.0
5076|-2.5|50.0
5077|-2.4|50.0
5078|-2.3|50.0
5079|-2.2|50.0
5080|-2.1|50.0
5081|-2.0|50.0
5082|-1.9|50.0
5083|-1.8|50.0
5084|-1.7|50.0
5085|-1.6|50.0
5086|-1.5|50.0
5087|-1.4|50.0
5088|-1.3|50.0
5089|-1.2|50.0
5090|-1.1|50.0
5091|-1.0|50.0
5092|-0.9|50.0
5093|-0.8|50.0
5094|-0.7|50.0
5095|-0.6|50.0
5096|-0.5|50.0
5097|-0.4|50.0
5098|-0.3|50.0
5099|-0.2|50.0
5100|-0.1|50.0
5101|-10.0|50.1
5102|-9.9|50.1
5103|-9.8|50.1
5104|-9.7|50.1
5105|-9.6|50.1
5106|-9.5|50.1
5107|-9.4|50.1
5108|-9.3|50.1
5109|-9.2|50.1
5110|-9.1|50.1
5111|-9.0|50.1
5112|-8.9|50.1
5113|-8.8|50.1
5114|-8.7|50.1
5115|-8.6|50.1
5116|-8.5|50.1
5117|-8.4|50.1
5118|-8.3|50.1
5119|-8.2|50.1
5120|-8.1|50.1
5121|-8.0|50.1
5122|-7.9|50.1
5123|-7.8|50.1
5124|-7.7|50.1
5125|-7.6|50.1
5126|-7.5|50.1
5127|-7.4|50.1
5128|-7.3|50.1
5129|-7.2|50.1
5130|-7.1|50.1
5131|-7.0|50.1
5132|-6.9|50.1
5133|-6.8|50.1
5134|-6.7|50.1
5135|-6.6|50.1
5136|-6.5|50.1
5137|-6.4|50.1
5138|-6.3|50.1
5139|-6.2|50.1
5140|-6.1|50.1
5141|-6.0|50.1
5142|-5.9|50.1
5143|-5.8|50.1
5144|-5.7|50.1
5145|-5.6|50.1
5146|-5.5|50.1
5147|-5.4|50.1
5148|-5.3|50.1
5149|-5.2|50.1
5150|-5.1|50.1
5151|-5.0|50.1
5152|-4.9|50.1
5153|-4.8|50.1
5154|-4.7|50.1
5155|-4.6|50.1
5156|-4.5|50.1
5157|-4.4|50.1
5158|-4.3|50.1
5159|-4.2|50.1
5160|-4.1|50.1
5161|-4.0|50.1
5162|-3.9|50.1
5163|-3.8|50.1
5164|-3.7|50.1
5165|-3.6|50.1
5166|-3.5|50.1
5167|-3.4|50.1
5168|-3.3|50.1
5169|-3.2|50.1
5170|-3.1|50.1
5171|-3.0|50.1
5172|-2.9|50.1
5173|-2.8|50.1
5174|-2.7|50.1
5175|-2.6|50.1
5176|-2.5|50.1
5177|-2.4|50.1
5178|-2.3|50.1
5179|-2.2|50.1
5180|-2.1|50.1
5181|-2.0|50.1
5182|-1.9|50.1
5183|-1.8|50.1
5184|-1.7|50.1
5185|-1.6|50.1
5186|-1.5|50.1
5187|-1.4|50.1
5188|-1.3|50.1
5189|-1.2|50.1
5190|-1.1|50.1
5191|-1.0|50.1
5192|-0.9|50.1
5193|-0.8|50.1
5194|-0.7|50.1
5195|-0.6|50.1
5196|-0.5|50.1
5197|-0.4|50.1
5198|-0.3|50.1
5199|-0.2|50.1
5200|-0.1|50.1
5201|-10.0|50.2
5202|-9.9|50.2
5203|-9.8|50.2
5204|-9.7|50.2
5205|-9.6|50.2
5206|-9.5|50.2
5207|-9.4|50.2
5208|-9.3|50.2
5209|-9.2|50.2
5210|-9.1|50.2
5211|-9.0|50.2
5212|-8.9|50.2
5213|-8.8|50.2
5214|-8.7|50.2
5215|-8.6|50.2
5216|-8.5|50.2
5217|-8.4|50.2
5218|-8.3|50.2
5219|-8.2|50.2
5220|-8.1|50.2
5221|-8.0|50.2
5222|-7.9|50.2
5223|-7.8|50.2
5224|-7.7|50.2
5225|-7.6|50.2
5226|-7.5|50.2
5227|-7.4|50.2
5228|-7.3|50.2
5229|-7.2|50.2
5230|-7.1|50.2
5231|-7.0|50.2
5232|-6.9|50.2
5233|-6.8|50.2
5234|-6.7|50.2
5235|-6.6|50.2
5236|-6.5|50.2
5237|-6.4|50.2
5238|-6.3|50.2
5239|-6.2|50.2
5240|-6.1|50.2
5241|-6.0|50.2
5242|-5.9|50.2
5243|-5.8|50.2
5244|-5.7|50.2
5245|-5.6|50.2
5246|-5.5|50.2
5247|-5.4|50.2
5248|-5.3|50.2
5249|-5.2|50.2
5250|-5.1|50.2
5251|-5.0|50.2
5252|-4.9|50.2
5253|-4.8|50.2
5254|-4.7|50.2
5255|-4.6|50.2
5256|-4.5|50.2
5257|-4.4|50.2
5258|-4.3|50.2
5259|-4.2|50.2
5260|-4.1|50.2
5261|-4.0|50.2
5262|-3.9|50.2
5263|-3.8|50.2
5264|-3.7|50.2
5265|-3.6|50.2
5266|-3.5|50.2
5267|-3.4|50.2
5268|-3.3|50.2
5269|-3.2|50.2
5270|-3.1|50.2
5271|-3.0|50.2
5272|-2.9|50.2
5273|-2.8|50.2
5274|-2.7|50.2
5275|-2.6|50.2
5276|-2.5|50.2
5277|-2.4|50.2
5278|-2.3|50.2
5279|-2.2|50.2
5280|-2.1|50.2
5281|-2.0|50.2
5282|-1.9|50.2
5283|-1.8|50.2
5284|-1.7|50.2
5285|-1.6|50.2
5286|-1.5|50.2
5287|-1.4|50.2
5288|-1.3|50.2
5289|-1.2|50.2
5290|-1.1|50.2
5291|-1.0|50.2
5292|-0.9|50.2
5293|-0.8|50.2
5294|-0.7|50.2
5295|-0.6|50.2
5296|-0.5|50.2
5297|-0.4|50.2
5298|-0.3|50.2
5299|-0.2|50.2
5300|-0.1|50.2
5301|-10.0|50.3
5302|-9.9|50.3
5303|-9.8|50.3
5304|-9.7|50.3
5305|-9.6|50.3
5306|-9.5|50.3
5307|-9.4|50.3
5308|-9.3|50.3
5309|-9.2|50.3
5310|-9.1|50.3
5311|-9.0|50.3
5312|-8.9|50.3
5313|-8.8|50.3
5314|-8.7|50.3
5315|-8.6|50.3
5316|-8.5|50.3
5317|-8.4|50.3
5318|-8.3|50.3
5319|-8.2|50.3
5320|-8.1|50.3
5321|-8.0|50.3
5322|-7.9|50.3
5323|-7.8|50.3
5324|-7.7|50.3
5325|-7.6|50.3
5326|-7.5|50.3
5327|-7.4|50.3
5328|-7.3|50.3
5329|-7.2|50.3
5330|-7.1|50.3
5331|-7.0|50.3
5332|-6.9|50.3
5333|-6.8|50.3
5334|-6.7|50.3
5335|-6.6|50.3
5336|-6.5|50.3
5337|-6.4|50.3
5338|-6.3|50.3
5339|-6.2|50.3
5340|-6.1|50.3
5341|-6.0|50.3
5342|-5.9|50.3
5343|-5.8|50.3
5344|-5.7|50.3
5345|-5.6|50.3
5346|-5.5|50.3
5347|-5.4|50.3
5348|-5.3|50.3
5349|-5.2|50.3
5350|-5.1|50.3
5351|-5.0|50.3
5352|-4.9|50.3
5353|-4.8|50.3
5354|-4.7|50.3
5355|-4.6|50.3
5356|-4.5|50.3
5357|-4.4|50.3
5358|-4.3|50.3
5359|-4.2|50.3
5360|-4.1|50.3
5361|-4.0|50.3
5362|-3.9|50.3
5363|-3.8|50.3
5364|-3.7|50.3
5365|-3.6|50.3
5366|-3.5|50.3
5367|-3.4|50.3
5368|-3.3|50.3
5369|-3.2|50.3
5370|-3.1|50.3
5371|-3.0|50.3
5372|-2.9|50.3
5373|-2.8|50.3
5374|-2.7|50.3
5375|-2.6|50.3
5376|-2.5|50.3
5377|-2.4|50.3
5378|-2.3|50.3
5379|-2.2|50.3
5380|-2.1|50.3
5381|-2.0|50.3
5382|-1.9|50.3
5383|-1.8|50.3
5384|-1.7|50.3
5385|-1.6|50.3
5386|-1.5|50.3
5387|-1.4|50.3
5388|-1.3|50.3
5389|-1.2|50.3
5390|-1.1|50.3
5391|-1.0|50.3
5392|-0.9|50.3
5393|-0.8|50.3
5394|-0.7|50.3
5395|-0.6|50.3
5396|-0.5|50.3
5397|-0.4|50.3
5398|-0.3|50.3
5399|-0.2|50.3
5400|-0.1|50.3
5401|-10.0|50.4
5402|-9.9|50.4
5403|-9.8|50.4
5404|-9.7|50.4
5405|-9.6|50.4
5406|-9.5|50.4
5407|-9.4|50.4
5408|-9.3|50.4
5409|-9.2|50.4
5410|-9.1|50.4
5411|-9.0|50.4
5412|-8.9|50.4
5413|-8.8|50.4
5414|-8.7|50.4
5415|-8.6|50.4
5416|-8.5|50.4
5417|-8.4|50.4
5418|-8.3|50.4
5419|-8.2|50.4
5420|-8.1|50.4
5421|-8.0|50.4
5422|-7.9|50.4
5423|-7.8|50.4
5424|-7.7|50.4
5425|-7.6|50.4
5426|-7.5|50.4
5427|-7.4|50.4
5428|-7.3|50.4
5429|-7.2|50.4
5430|-7.1|50.4
5431|-7.0|50.4
5432|-6.9|50.4
5433|-6.8|50.4
5434|-6.7|50.4
5435|-6.6|50.4
5436|-6.5|50.4
5437|-6.4|50.4
5438|-6.3|50.4
5439|-6.2|50.4
5440|-6.1|50.4
5441|-6.0|50.4
5442|-5.9|50.4
5443|-5.8|50.4
5444|-5.7|50.4
5445|-5.6|50.4
5446|-5.5|50.4
5447|-5.4|50.4
5448|-5.3|50.4
5449|-5.2|50.4
5450|-5.1|50.4
5451|-5.0|50.4
5452|-4.9|50.4
5453|-4.8|50.4
5454|-4.7|50.4
5455|-4.6|50.4
5456|-4.5|50.4
5457|-4.4|50.4
5458|-4.3|50.4
5459|-4.2|50.4
5460|-4.1|50.4
5461|-4.0|50.4
5462|-3.9|50.4
5463|-3.8|50.4
5464|-3.7|50.4
5465|-3.6|50.4
5466|-3.5|50.4
5467|-3.4|50.4
5468|-3.3|50.4
5469|-3.2|50.4
5470|-3.1|50.4
5471|-3.0|50.4
5472|-2.9|50.4
5473|-2.8|50.4
5474|-2.7|50.4
5475|-2.6|50.4
5476|-2.5|50.4
5477|-2.4|50.4
5478|-2.3|50.4
5479|-2.2|50.4
5480|-2.1|50.4
5481|-2.0|50.4
5482|-1.9|50.4
5483|-1.8|50.4
5484|-1.7|50.4
5485|-1.6|50.4
5486|-1.5|50.4
5487|-1.4|50.4
5488|-1.3|50.4
5489|-1.2|50.4
5490|-1.1|50.4
5491|-1.0|50.4
5492|-0.9|50.4
5493|-0.8|50.4
5494|-0.7|50.4
5495|-0.6|50.4
5496|-0.5|50.4
5497|-0.4|50.4
5498|-0.3|50.4
5499|-0.2|50.4
5500|-0.1|50.4
5501|-10.0|50.5
5502|-9.9|50.5
5503|-9.8|50.5
5504|-9.7|50.5
5505|-9.6|50.5
5506|-9.5|50.5
5507|-9.4|50.5
5508|-9.3|50.5
5509|-9.2|50.5
5510|-9.1|50.5
5511|-9.0|50.5
5512|-8.9|50.5
5513|-8.8|50.5
5514|-8.7|50.5
5515|-8.6|50.5
5516|-8.5|50.5
5517|-8.4|50.5
5518|-8.3|50.5
5519|-8.2|50.5
5520|-8.1|50.5
5521|-8.0|50.5
5522|-7.9|50.5
5523|-7.8|50.5
5524|-7.7|50.5
5525|-7.6|50.5
5526|-7.5|50.5
5527|-7.4|50.5
5528|-7.3|50.5
5529|-7.2|50.5
5530|-7.1|50.5
5531|-7.0|50.5
5532|-6.9|50.5
5533|-6.8|50.5
5534|-6.7|50.5
5535|-6.6|50.5
5536|-6.5|50.5
5537|-6.4|50.5
5538|-6.3|50.5
5539|-6.2|50.5
5540|-6.1|50.5
5541|-6.0|50.5
5542|-5.9|50.5
5543|-5.8|50.5
5544|-5.7|50.5
5545|-5.6|50.5
5546|-5.5|50.5
5547|-5.4|50.5
5548|-5.3|50.5
5549|-5.2|50.5
5550|-5.1|50.5
5551|-5.0|50.5
5552|-4.9|50.5
5553|-4.8|50.5
5554|-4.7|50.5
5555|-4.6|50.5
5556|-4.5|50.5
5557|-4.4|50.5
5558|-4.3|50.5
5559|-4.2|50.5
5560|-4.1|50.5
5561|-4.0|50.5
5562|-3.9|50.5
5563|-3.8|50.5
5564|-3.7|50.5
5565|-3.6|50.5
5566|-3.5|50.5
5567|-3.4|50.5
5568|-3.3|50.5
5569|-3.2|50.5
5570|-3.1|50.5
5571|-3.0|50.5
5572|-2.9|50.5
5573|-2.8|50.5
5574|-2.7|50.5
5575|-2.6|50.5
5576|-2.5|50.5
5577|-2.4|50.5
5578|-2.3|50.5
5579|-2.2|50.5
5580|-2.1|50.5
5581|-2.0|50.5
5582|-1.9|50.5
5583|-1.8|50.5
5584|-1.7|50.5
5585|-1.6|50.5
5586|-1.5|50.5
5587|-1.4|50.5
5588|-1.3|50.5
5589|-1.2|50.5
5590|-1.1|50.5
5591|-1.0|50.5
5592|-0.9|50.5
5593|-0.8|50.5
5594|-0.7|50.5
5595|-0.6|50.5
5596|-0.5|50.5
5597|-0.4|50.5
5598|-0.3|50.5
5599|-0.2|50.5
5600|-0.1|50.5
5601|-10.0|50.6
5602|-9.9|50.6
5603|-9.8|50.6
5604|-9.7|50.6
5605|-9.6|50.6
5606|-9.5|50.6
5607|-9.4|50.6
5608|-9.3|50.6
5609|-9.2|50.6
5610|-9.1|50.6
5611|-9.0|50.6
5612|-8.9|50.6
5613|-8.8|50.6
5614|-8.7|50.6
5615|-8.6|50.6
5616|-8.5|50.6
5617|-8.4|50.6
5618|-8.3|50.6
5619|-8.2|50.6
5620|-8.1|50.6
5621|-8.0|50.6
5622|-7.9|50.6
5623|-7.8|50.6
5624|-7.7|50.6
5625|-7.6|50.6
5626|-7.5|50.6
5627|-7.4|50.6
5628|-7.3|50.6
5629|-7.2|50.6
5630|-7.1|50.6
5631|-7.0|50.6
5632|-6.9|50.6
5633|-6.8|50.6
5634|-6.7|50.6
5635|-6.6|50.6
5636|-6.5|50.6
5637|-6.4|50.6
5638|-6.3|50.6
5639|-6.2|50.6
5640|-6.1|50.6
5641|-6.0|50.6
5642|-5.9|50.6
5643|-5.8|50.6
5644|-5.7|50.6
5645|-5.6|50.6
5646|-5.5|50.6
5647|-5.4|50.6
5648|-5.3|50.6
5649|-5.2|50.6
5650|-5.1|50.6
5651|-5.0|50.6
5652|-4.9|50.6
5653|-4.8|50.6
5654|-4.7|50.6
5655|-4.6|50.6
5656|-4.5|50.6
5657|-4.4|50.6
5658|-4.3|50.6
5659|-4.2|50.6
5660|-4.1|50.6
5661|-4.0|50.6
5662|-3.9|50.6
5663|-3.8|50.6
5664|-3.7|50.6
5665|-3.6|50.6
5666|-3.5|50.6
5667|-3.4|50.6
5668|-3.3|50.6
5669|-3.2|50.6
5670|-3.1|50.6
5671|-3.0|50.6
5672|-2.9|50.6
5673|-2.8|50.6
5674|-2.7|50.6
5675|-2.6|50.6
5676|-2.5|50.6
5677|-2.4|50.6
5678|-2.3|50.6
5679|-2.2|50.6
5680|-2.1|50.6
5681|-2.0|50.6
5682|-1.9|50.6
5683|-1.8|50.6
5684|-1.7|50.6
5685|-1.6|50.6
5686|-1.5|50.6
5687|-1.4|50.6
5688|-1.3|50.6
5689|-1.2|50.6
5690|-1.1|50.6
5691|-1.0|50.6
5692|-0.9|50.6
5693|-0.8|50.6
5694|-0.7|50.6
5695|-0.6|50.6
5696|-0.5|50.6
5697|-0.4|50.6
5698|-0.3|50.6
5699|-0.2|50.6
5700|-0.1|50.6
5701|-10.0|50.7
5702|-9.9|50.7
5703|-9.8|50.7
5704|-9.7|50.7
5705|-9.6|50.7
5706|-9.5|50.7
5707|-9.4|50.7
5708|-9.3|50.7
5709|-9.2|50.7
5710|-9.1|50.7
5711|-9.0|50.7
5712|-8.9|50.7
5713|-8.8|50.7
5714|-8.7|50.7
5715|-8.6|50.7
5716|-8.5|50.7
5717|-8.4|50.7
5718|-8.3|50.7
5719|-8.2|50.7
5720|-8.1|50.7
5721|-8.0|50.7
5722|-7.9|50.7
5723|-7.8|50.7
5724|-7.7|50.7
5725|-7.6|50.7
5726|-7.5|50.7
5727|-7.4|50.7
5728|-7.3|50.7
5729|-7.2|50.7
5730|-7.1|50.7
5731|-7.0|50.7
5732|-6.9|50.7
5733|-6.8|50.7
5734|-6.7|50.7
5735|-6.6|50.7
5736|-6.5|50.7
5737|-6.4|50.7
5738|-6.3|50.7
5739|-6.2|50.7
5740|-6.1|50.7
5741|-6.0|50.7
5742|-5.9|50.7
5743|-5.8|50.7
5744|-5.7|50.7
5745|-5.6|50.7
5746|-5.5|50.7
5747|-5.4|50.7
5748|-5.3|50.7
5749|-5.2|50.7
5750|-5.1|50.7
5751|-5.0|50.7
5752|-4.9|50.7
5753|-4.8|50.7
5754|-4.7|50.7
5755|-4.6|50.7
5756|-4.5|50.7
5757|-4.4|50.7
5758|-4.3|50.7
5759|-4.2|50.7
5760|-4.1|50.7
5761|-4.0|50.7
5762|-3.9|50.7
5763|-3.8|50.7
5764|-3.7|50.7
5765|-3.6|50.7
5766|-3.5|50.7
5767|-3.4|50.7
5768|-3.3|50.7
5769|-3.2|50.7
5770|-3.1|50.7
5771|-3.0|50.7
5772|-2.9|50.7
5773|-2.8|50.7
5774|-2.7|50.7
5775|-2.6|50.7
5776|-2.5|50.7
5777|-2.4|50.7
5778|-2.3|50.7
5779|-2.2|50.7
5780|-2.1|50.7
5781|-2.0|50.7
5782|-1.9|50.7
5783|-1.8|50.7
5784|-1.7|50.7
5785|-1.6|50.7
5786|-1.5|50.7
5787|-1.4|50.7
5788|-1.3|50.7
5789|-1.2|50.7
5790|-1.1|50.7
5791|-1.0|50.7
5792|-0.9|50.7
5793|-0.8|50.7
5794|-0.7|50.7
5795|-0.6|50.7
5796|-0.5|50.7
5797|-0.4|50.7
5798|-0.3|50.7
5799|-0.2|50.7
5800|-0.1|50.7
5801|-10.0|50.8
5802|-9.9|50.8
5803|-9.8|50.8
5804|-9.7|50.8
5805|-9.6|50.8
5806|-9.5|50.8
5807|-9.4|50.8
5808|-9.3|50.8
5809|-9.2|50.8
5810|-9.1|50.8
5811|-9.0|50.8
5812|-8.9|50.8
5813|-8.8|50.8
5814|-8.7|50.8
5815|-8.6|50.8
5816|-8.5|50.8
5817|-8.4|50.8
5818|-8.3|50.8
5819|-8.2|50.8
5820|-8.1|50.8
5821|-8.0|50.8
5822|-7.9|50.8
5823|-7.8|50.8
5824|-7.7|50.8
5825|-7.6|50.8
5826|-7.5|50.8
5827|-7.4|50.8
5828|-7.3|50.8
5829|-7.2|50.8
5830|-7.1|50.8
5831|-7.0|50.8
5832|-6.9|50.8
5833|-6.8|50.8
5834|-6.7|50.8
5835|-6.6|50.8
5836|-6.5|50.8
5837|-6.4|50.8
5838|-6.3|50.8
5839|-6.2|50.8
5840|-6.1|50.8
5841|-6.0|50.8
5842|-5.9|50.8
5843|-5.8|50.8
5844|-5.7|50.8
5845|-5.6|50.8
5846|-5.5|50.8
5847|-5.4|50.8
5848|-5.3|50.8
5849|-5.2|50.8
5850|-5.1|50.8
5851|-5.0|50.8
5852|-4.9|50.8
5853|-4.8|50.8
5854|-4.7|50.8
5855|-4.6|50.8
5856|-4.5|50.8
5857|-4.4|50.8
5858|-4.3|50.8
5859|-4.2|50.8
5860|-4.1|50.8
5861|-4.0|50.8
5862|-3.9|50.8
5863|-3.8|50.8
5864|-3.7|50.8
5865|-3.6|50.8
5866|-3.5|50.8
5867|-3.4|50.8
5868|-3.3|50.8
5869|-3.2|50.8
5870|-3.1|50.8
5871|-3.0|50.8
5872|-2.9|50.8
5873|-2.8|50.8
5874|-2.7|50.8
5875|-2.6|50.8
5876|-2.5|50.8
5877|-2.4|50.8
5878|-2.3|50.8
5879|-2.2|50.8
5880|-2.1|50.8
5881|-2.0|50.8
5882|-1.9|50.8
5883|-1.8|50.8
5884|-1.7|50.8
5885|-1.6|50.8
5886|-1.5|50.8
5887|-1.4|50.8
5888|-1.3|50.8
5889|-1.2|50.8
5890|-1.1|50.8
5891|-1.0|50.8
5892|-0.9|50.8
5893|-0.8|50.8
5894|-0.7|50.8
5895|-0.6|50.8
5896|-0.5|50.8
5897|-0.4|50.8
5898|-0.3|50.8
5899|-0.2|50.8
5900|-0.1|50.8
5901|-10.0|50.9
5902|-9.9|50.9
5903|-9.8|50.9
5904|-9.7|50.9
5905|-9.6|50.9
5906|-9.5|50.9
5907|-9.4|50.9
5908|-9.3|50.9
5909|-9.2|50.9
5910|-9.1|50.9
5911|-9.0|50.9
5912|-8.9|50.9
5913|-8.8|50.9
5914|-8.7|50.9
5915|-8.6|50.9
5916|-8.5|50.9
5917|-8.4|50.9
5918|-8.3|50.9
5919|-8.2|50.9
5920|-8.1|50.9
5921|-8.0|50.9
5922|-7.9|50.9
5923|-7.8|50.9
5924|-7.7|50.9
5925|-7.6|50.9
5926|-7.5|50.9
5927|-7.4|50.9
5928|-7.3|50.9
5929|-7.2|50.9
5930|-7.1|50.9
5931|-7.0|50.9
5932|-6.9|50.9
5933|-6.8|50.9
5934|-6.7|50.9
5935|-6.6|50.9
5936|-6.5|50.9
5937|-6.4|50.9
5938|-6.3|50.9
5939|-6.2|50.9
5940|-6.1|50.9
5941|-6.0|50.9
5942|-5.9|50.9
5943|-5.8|50.9
5944|-5.7|50.9
5945|-5.6|50.9
5946|-5.5|50.9
5947|-5.4|50.9
5948|-5.3|50.9
5949|-5.2|50.9
5950|-5.1|50.9
5951|-5.0|50.9
5952|-4.9|50.9
5953|-4.8|50.9
5954|-4.7|50.9
5955|-4.6|50.9
5956|-4.5|50.9
5957|-4.4|50.9
5958|-4.3|50.9
5959|-4.2|50.9
5960|-4.1|50.9
5961|-4.0|50.9
5962|-3.9|50.9
5963|-3.8|50.9
5964|-3.7|50.9
5965|-3.6|50.9
5966|-3.5|50.9
5967|-3.4|50.9
5968|-3.3|50.9
5969|-3.2|50.9
5970|-3.1|50.9
5971|-3.0|50.9
5972|-2.9|50.9
5973|-2.8|50.9
5974|-2.7|50.9
5975|-2.6|50.9
5976|-2.5|50.9
5977|-2.4|50.9
5978|-2.3|50.9
5979|-2.2|50.9
5980|-2.1|50.9
5981|-2.0|50.9
5982|-1.9|50.9
5983|-1.8|50.9
5984|-1.7|50.9
5985|-1.6|50.9
5986|-1.5|50.9
5987|-1.4|50.9
5988|-1.3|50.9
5989|-1.2|50.9
5990|-1.1|50.9
5991|-1.0|50.9
5992|-0.9|50.9
5993|-0.8|50.9
5994|-0.7|50.9
5995|-0.6|50.9
5996|-0.5|50.9
5997|-0.4|50.9
5998|-0.3|50.9
5999|-0.2|50.9
6000|-0.1|50.9
